zip,county_fips,area_ratio,res_ratio
73949,48421,0.1367,
73960,48421,1.0,
75001,48113,1.0,
75002,48085,1.0,
75006,48113,1.0,
75007,48085,0.0107,
75007,48113,0.0855,
75007,48121,0.9038,
75009,48085,0.9308,
75009,48121,0.0692,
75010,48121,1.0,
75013,48085,1.0,
75019,48113,0.9804,
75019,48121,0.0196,
75020,48181,1.0,
75021,48181,1.0,
75022,48121,0.9512,
75022,48439,0.0488,
75023,48085,1.0,
75024,48085,0.875,
75024,48121,0.125,
75025,48085,1.0,
75028,48121,0.9769,
75028,48439,0.0231,
75032,48397,1.0,
75033,48085,0.452,
75033,48121,0.548,
75034,48085,0.5645,
75034,48121,0.4355,
75035,48085,1.0,
75036,48121,1.0,
75038,48113,1.0,
75039,48113,1.0,
75040,48113,1.0,
75041,48113,1.0,
75042,48113,1.0,
75043,48113,1.0,
75044,48085,0.0041,
75044,48113,0.9959,
75048,48085,0.1936,
75048,48113,0.8064,
75050,48113,0.7887,
75050,48439,0.2113,
75051,48113,0.8696,
75051,48439,0.1304,
75052,48113,0.5933,
75052,48439,0.4067,
75054,48113,0.3485,
75054,48439,0.6515,
75056,48121,1.0,
75057,48121,1.0,
75058,48181,1.0,
75060,48113,1.0,
75061,48113,1.0,
75062,48113,1.0,
75063,48113,1.0,
75065,48121,1.0,
75067,48113,0.0384,
75067,48121,0.9616,
75068,48121,1.0,
75069,48085,1.0,
75070,48085,1.0,
75071,48085,1.0,
75072,48085,1.0,
75074,48085,1.0,
75075,48085,1.0,
75076,48181,1.0,
75077,48121,1.0,
75078,48085,0.7011,
75078,48121,0.2989,
75080,48085,0.2913,
75080,48113,0.7087,
75081,48113,1.0,
75082,48085,0.8457,
75082,48113,0.1543,
75087,48085,0.0627,
75087,48397,0.9373,
75088,48113,0.8729,
75088,48397,0.1271,
75089,48113,0.9632,
75089,48397,0.0368,
75090,48181,1.0,
75092,48181,1.0,
75093,48085,0.902,
75093,48121,0.098,
75094,48085,1.0,
75098,48085,0.866,
75098,48113,0.1041,
75098,48397,0.03,
75101,48139,1.0,
75102,48349,1.0,
75103,48467,1.0,
75104,48113,0.9377,
75104,48139,0.0623,
75105,48349,1.0,
75109,48349,1.0,
75110,48349,1.0,
75114,48257,1.0,
75115,48113,1.0,
75116,48113,1.0,
75117,48467,1.0,
75119,48139,0.9437,
75119,48349,0.0563,
75124,48213,0.7292,
75124,48467,0.2708,
75125,48113,0.2853,
75125,48139,0.7147,
75126,48257,0.9735,
75126,48397,0.0265,
75127,48467,1.0,
75132,48397,1.0,
75134,48113,1.0,
75135,48231,1.0,
75137,48113,1.0,
75140,48423,0.0185,
75140,48467,0.9815,
75141,48113,1.0,
75142,48257,1.0,
75143,48213,0.4601,
75143,48257,0.5399,
75144,48349,1.0,
75146,48113,0.9942,
75146,48139,0.0058,
75147,48213,0.0426,
75147,48257,0.3997,
75147,48467,0.5577,
75148,48213,1.0,
75149,48113,1.0,
75150,48113,1.0,
75152,48139,1.0,
75153,48349,1.0,
75154,48113,0.1246,
75154,48139,0.8754,
75155,48349,1.0,
75156,48213,0.9995,
75156,48257,0.0005,
75157,48257,1.0,
75158,48257,1.0,
75159,48113,0.6291,
75159,48257,0.3709,
75160,48231,0.1713,
75160,48257,0.8279,
75160,48397,0.0008,
75161,48257,1.0,
75163,48213,1.0,
75164,48085,1.0,
75165,48139,1.0,
75166,48085,1.0,
75167,48139,1.0,
75169,48231,0.0225,
75169,48257,0.0912,
75169,48467,0.8864,
75172,48113,1.0,
75173,48085,1.0,
75180,48113,1.0,
75181,48113,1.0,
75182,48113,1.0,
75189,48085,0.193,
75189,48231,0.3836,
75189,48397,0.4235,
75201,48113,1.0,
75202,48113,1.0,
75203,48113,1.0,
75204,48113,1.0,
75205,48113,1.0,
75206,48113,1.0,
75207,48113,1.0,
75208,48113,1.0,
75209,48113,1.0,
75210,48113,1.0,
75211,48113,1.0,
75212,48113,1.0,
75214,48113,1.0,
75215,48113,1.0,
75216,48113,1.0,
75217,48113,1.0,
75218,48113,1.0,
75219,48113,1.0,
75220,48113,1.0,
75223,48113,1.0,
75224,48113,1.0,
75225,48113,1.0,
75226,48113,1.0,
75227,48113,1.0,
75228,48113,1.0,
75229,48113,1.0,
75230,48113,1.0,
75231,48113,1.0,
75232,48113,1.0,
75233,48113,1.0,
75234,48113,1.0,
75235,48113,1.0,
75236,48113,1.0,
75237,48113,1.0,
75238,48113,1.0,
75240,48113,1.0,
75241,48113,1.0,
75243,48113,1.0,
75244,48113,1.0,
75246,48113,1.0,
75247,48113,1.0,
75248,48085,0.0062,
75248,48113,0.9938,
75249,48113,1.0,
75251,48113,1.0,
75252,48085,0.9215,
75252,48113,0.0785,
75253,48113,1.0,
75254,48113,1.0,
75261,48439,1.0,
75270,48113,1.0,
75287,48085,0.5822,
75287,48113,0.0028,
75287,48121,0.415,
75390,48113,1.0,
75401,48231,1.0,
75402,48231,1.0,
75407,48085,1.0,
75409,48085,1.0,
75410,48379,0.4894,
75410,48499,0.5106,
75411,48277,1.0,
75412,48387,1.0,
75413,48147,1.0,
75414,48181,1.0,
75415,48119,1.0,
75416,48277,0.9884,
75416,48387,0.0116,
75417,48387,1.0,
75418,48147,1.0,
75420,48223,0.9912,
75420,48379,0.0088,
75421,48277,1.0,
75422,48231,1.0,
75423,48147,0.0579,
75423,48231,0.9421,
75424,48085,0.919,
75424,48147,0.081,
75426,48387,1.0,
75428,48119,0.1666,
75428,48231,0.8334,
75429,48231,1.0,
75431,48223,0.7701,
75431,48499,0.2299,
75432,48119,1.0,
75433,48223,0.9806,
75433,48231,0.0194,
75434,48277,1.0,
75435,48277,0.5441,
75435,48387,0.4559,
75436,48277,0.0629,
75436,48387,0.9371,
75437,48223,1.0,
75438,48147,1.0,
75439,48147,1.0,
75440,48223,0.0175,
75440,48379,0.9748,
75440,48499,0.0076,
75441,48119,1.0,
75442,48085,0.8358,
75442,48231,0.1642,
75446,48147,0.7543,
75446,48277,0.2457,
75447,48147,1.0,
75448,48119,1.0,
75449,48147,0.6934,
75449,48231,0.3066,
75450,48119,1.0,
75451,48063,0.882,
75451,48459,0.0331,
75451,48499,0.085,
75452,48085,0.0505,
75452,48147,0.7987,
75452,48231,0.1508,
75453,48223,0.1044,
75453,48231,0.7309,
75453,48379,0.1647,
75454,48085,1.0,
75455,48159,0.0373,
75455,48449,0.9627,
75457,48159,1.0,
75459,48181,1.0,
75460,48277,1.0,
75462,48277,1.0,
75468,48277,1.0,
75469,48119,0.8566,
75469,48147,0.0005,
75469,48231,0.1428,
75470,48277,1.0,
75471,48223,0.9472,
75471,48499,0.0528,
75472,48223,0.0116,
75472,48379,0.9884,
75473,48277,1.0,
75474,48231,0.955,
75474,48257,0.045,
75475,48147,1.0,
75476,48147,1.0,
75477,48277,1.0,
75478,48159,0.084,
75478,48223,0.916,
75479,48147,0.9693,
75479,48181,0.0307,
75480,48159,0.9707,
75480,48499,0.0293,
75481,48159,0.075,
75481,48223,0.925,
75482,48223,1.0,
75486,48277,1.0,
75487,48159,0.6635,
75487,48449,0.3365,
75488,48147,1.0,
75489,48181,1.0,
75490,48147,0.9679,
75490,48181,0.0321,
75491,48085,0.0061,
75491,48147,0.4097,
75491,48181,0.5842,
75492,48147,1.0,
75493,48449,1.0,
75494,48159,0.1757,
75494,48223,0.1021,
75494,48459,0.0306,
75494,48499,0.6916,
75495,48085,0.0545,
75495,48181,0.9455,
75496,48147,0.4097,
75496,48231,0.5903,
75497,48223,0.2498,
75497,48379,0.0022,
75497,48499,0.748,
75501,48037,1.0,
75503,48037,1.0,
75550,48387,1.0,
75551,48067,1.0,
75554,48037,0.1898,
75554,48387,0.8102,
75555,48067,0.9126,
75555,48315,0.0874,
75556,48067,0.9913,
75558,48343,0.0093,
75558,48449,0.9907,
75559,48037,0.9181,
75559,48387,0.0819,
75560,48067,1.0,
75561,48037,1.0,
75562,48067,1.0,
75563,48067,1.0,
75564,48067,1.0,
75565,48067,1.0,
75566,48067,1.0,
75567,48037,1.0,
75568,48067,0.7362,
75568,48343,0.2638,
75569,48037,1.0,
75570,48037,1.0,
75571,48343,0.9234,
75571,48449,0.0766,
75572,48067,1.0,
75573,48037,1.0,
75574,48037,1.0,
75601,48183,0.7792,
75601,48203,0.2208,
75602,48183,0.1916,
75602,48203,0.8084,
75603,48183,0.8909,
75603,48401,0.1091,
75604,48183,0.9793,
75604,48459,0.0207,
75605,48183,0.5836,
75605,48203,0.4066,
75605,48459,0.0098,
75630,48067,0.5513,
75630,48315,0.4487,
75631,48365,1.0,
75633,48365,1.0,
75638,48067,0.0303,
75638,48343,0.9697,
75639,48365,1.0,
75640,48203,0.5992,
75640,48315,0.027,
75640,48459,0.3737,
75641,48183,0.2102,
75641,48401,0.7898,
75642,48203,0.3454,
75642,48365,0.6546,
75643,48365,0.8668,
75643,48419,0.1332,
75644,48459,1.0,
75645,48183,0.0219,
75645,48459,0.9781,
75647,48183,0.4323,
75647,48423,0.3214,
75647,48459,0.2463,
75650,48203,1.0,
75651,48203,0.9088,
75651,48315,0.0912,
75652,48365,0.0166,
75652,48401,0.9834,
75654,48073,0.0036,
75654,48401,0.9964,
75656,48067,0.9173,
75656,48343,0.0827,
75657,48067,0.0761,
75657,48203,0.0511,
75657,48315,0.8728,
75658,48401,1.0,
75659,48203,1.0,
75661,48203,1.0,
75662,48183,0.5276,
75662,48401,0.3955,
75662,48423,0.0769,
75667,48401,1.0,
75668,48315,0.1808,
75668,48343,0.8192,
75669,48365,0.8292,
75669,48401,0.1708,
75670,48203,1.0,
75671,48203,1.0,
75672,48203,0.9975,
75672,48365,0.0025,
75680,48401,1.0,
75681,48401,1.0,
75682,48401,1.0,
75683,48315,0.1696,
75683,48459,0.8304,
75684,48401,0.8284,
75684,48423,0.1716,
75686,48063,0.694,
75686,48343,0.0133,
75686,48449,0.1071,
75686,48459,0.1857,
75687,48401,1.0,
75689,48401,1.0,
75691,48365,0.2168,
75691,48401,0.7832,
75692,48203,0.9384,
75692,48365,0.0616,
75693,48183,1.0,
75694,48203,1.0,
75701,48423,1.0,
75702,48423,1.0,
75703,48423,1.0,
75704,48423,1.0,
75705,48423,1.0,
75706,48423,1.0,
75707,48423,1.0,
75708,48423,1.0,
75709,48423,1.0,
75711,48423,1.0,
75750,48423,1.0,
75751,48001,0.3187,
75751,48213,0.6813,
75752,48001,0.0079,
75752,48213,0.8957,
75752,48467,0.0965,
75754,48467,1.0,
75755,48459,0.9524,
75755,48499,0.0476,
75756,48213,0.9696,
75756,48467,0.0304,
75757,48073,0.6937,
75757,48423,0.3063,
75758,48213,0.7992,
75758,48467,0.2008,
75759,48073,1.0,
75760,48347,0.6804,
75760,48401,0.3196,
75762,48423,1.0,
75763,48001,0.6909,
75763,48213,0.3091,
75764,48073,1.0,
75765,48459,0.0107,
75765,48499,0.9893,
75766,48073,1.0,
75770,48213,1.0,
75771,48423,1.0,
75773,48423,0.1756,
75773,48499,0.8244,
75778,48213,0.869,
75778,48467,0.131,
75779,48001,1.0,
75780,48073,1.0,
75782,48213,1.0,
75783,48499,1.0,
75784,48073,0.3841,
75784,48401,0.6159,
75785,48073,1.0,
75788,48347,1.0,
75789,48073,0.6352,
75789,48401,0.0052,
75789,48423,0.3596,
75790,48423,0.0414,
75790,48467,0.9586,
75791,48423,1.0,
75792,48423,1.0,
75801,48001,1.0,
75803,48001,0.9965,
75803,48213,0.0035,
75831,48161,0.2982,
75831,48289,0.7018,
75833,48289,1.0,
75835,48225,1.0,
75838,48161,0.8912,
75838,48293,0.1088,
75839,48001,0.9622,
75839,48225,0.0378,
75840,48161,1.0,
75844,48001,0.1776,
75844,48225,0.8224,
75845,48455,1.0,
75846,48289,0.8147,
75846,48293,0.1853,
75847,48225,0.8692,
75847,48455,0.1308,
75848,48161,1.0,
75849,48225,1.0,
75850,48289,1.0,
75851,48225,0.8812,
75851,48455,0.1188,
75852,48313,0.7775,
75852,48471,0.2225,
75853,48001,0.9779,
75853,48213,0.0221,
75855,48161,0.4196,
75855,48289,0.5804,
75856,48225,0.7098,
75856,48455,0.2902,
75858,48225,1.0,
75859,48161,0.7563,
75859,48349,0.2437,
75860,48161,1.0,
75861,48001,1.0,
75862,48455,0.788,
75862,48471,0.212,
75865,48455,1.0,
75884,48001,1.0,
75886,48001,1.0,
75901,48005,1.0,
75903,48005,1.0,
75904,48005,0.8503,
75904,48455,0.1497,
75925,48073,1.0,
75926,48455,1.0,
75928,48351,1.0,
75929,48405,1.0,
75930,48403,0.4371,
75930,48405,0.5629,
75931,48241,0.8334,
75931,48403,0.1666,
75932,48351,1.0,
75933,48241,0.0831,
75933,48351,0.9169,
75934,48373,1.0,
75935,48405,0.107,
75935,48419,0.893,
75936,48373,0.1779,
75936,48457,0.8221,
75937,48347,1.0,
75938,48457,1.0,
75939,48373,1.0,
75941,48005,1.0,
75942,48457,1.0,
75943,48347,1.0,
75944,48347,1.0,
75946,48347,0.6814,
75946,48401,0.3186,
75948,48351,0.0411,
75948,48403,0.9589,
75949,48005,1.0,
75951,48241,0.9946,
75951,48351,0.0054,
75954,48365,0.1213,
75954,48419,0.8787,
75956,48241,0.8816,
75956,48351,0.1184,
75959,48403,1.0,
75960,48373,1.0,
75961,48347,1.0,
75962,48347,1.0,
75964,48347,1.0,
75965,48347,1.0,
75966,48241,0.0115,
75966,48351,0.9885,
75968,48403,1.0,
75969,48005,0.8544,
75969,48073,0.1456,
75972,48403,0.1739,
75972,48405,0.788,
75972,48419,0.0382,
75973,48419,1.0,
75974,48365,0.4053,
75974,48419,0.5947,
75975,48365,0.0678,
75975,48401,0.0584,
75975,48419,0.8738,
75976,48073,1.0,
75977,48351,1.0,
75979,48457,1.0,
75980,48005,0.8835,
75980,48241,0.1165,
76001,48439,1.0,
76002,48439,1.0,
76005,48439,1.0,
76006,48439,1.0,
76008,48367,0.9287,
76008,48439,0.0713,
76009,48251,1.0,
76010,48439,1.0,
76011,48439,1.0,
76012,48439,1.0,
76013,48439,1.0,
76014,48439,1.0,
76015,48439,1.0,
76016,48439,1.0,
76017,48439,1.0,
76018,48439,1.0,
76020,48367,0.6687,
76020,48439,0.2959,
76020,48497,0.0354,
76021,48439,1.0,
76022,48439,1.0,
76023,48367,0.0284,
76023,48497,0.9716,
76028,48251,0.771,
76028,48439,0.229,
76031,48251,1.0,
76033,48221,0.071,
76033,48251,0.8572,
76033,48425,0.0718,
76034,48439,1.0,
76035,48221,0.2157,
76035,48251,0.1927,
76035,48367,0.5916,
76036,48251,0.2204,
76036,48439,0.7796,
76039,48439,1.0,
76040,48439,1.0,
76041,48139,1.0,
76043,48035,0.1812,
76043,48425,0.8188,
76044,48251,1.0,
76048,48221,0.9427,
76048,48425,0.0573,
76049,48221,0.98,
76049,48251,0.008,
76049,48367,0.012,
76050,48139,0.1809,
76050,48217,0.1835,
76050,48251,0.6356,
76051,48113,0.0163,
76051,48439,0.9837,
76052,48121,0.2367,
76052,48439,0.5723,
76052,48497,0.191,
76053,48439,1.0,
76054,48439,1.0,
76055,48217,1.0,
76058,48251,1.0,
76059,48251,1.0,
76060,48439,1.0,
76061,48251,1.0,
76063,48139,0.0106,
76063,48251,0.246,
76063,48439,0.7434,
76064,48139,1.0,
76065,48113,0.002,
76065,48139,0.998,
76066,48363,0.0236,
76066,48367,0.9764,
76067,48363,0.9067,
76067,48367,0.0933,
76070,48251,0.093,
76070,48425,0.907,
76071,48439,0.051,
76071,48497,0.949,
76073,48497,1.0,
76077,48425,1.0,
76078,48121,0.0039,
76078,48497,0.9961,
76082,48367,0.7384,
76082,48497,0.2616,
76084,48139,0.4758,
76084,48251,0.5242,
76085,48367,1.0,
76086,48367,1.0,
76087,48221,0.0442,
76087,48367,0.9558,
76088,48367,1.0,
76092,48121,0.0835,
76092,48439,0.9165,
76093,48217,0.1979,
76093,48251,0.8021,
76102,48439,1.0,
76103,48439,1.0,
76104,48439,1.0,
76105,48439,1.0,
76106,48439,1.0,
76107,48439,1.0,
76108,48367,0.277,
76108,48439,0.723,
76109,48439,1.0,
76110,48439,1.0,
76111,48439,1.0,
76112,48439,1.0,
76114,48439,1.0,
76115,48439,1.0,
76116,48439,1.0,
76117,48439,1.0,
76118,48439,1.0,
76119,48439,1.0,
76120,48439,1.0,
76123,48439,1.0,
76126,48367,0.2725,
76126,48439,0.7275,
76127,48439,1.0,
76129,48439,1.0,
76131,48439,1.0,
76132,48439,1.0,
76133,48439,1.0,
76134,48439,1.0,
76135,48439,1.0,
76137,48439,1.0,
76140,48439,1.0,
76148,48439,1.0,
76155,48439,1.0,
76164,48439,1.0,
76177,48121,0.3268,
76177,48439,0.6732,
76179,48439,1.0,
76180,48439,1.0,
76182,48439,1.0,
76201,48121,1.0,
76203,48121,1.0,
76205,48121,1.0,
76207,48121,1.0,
76208,48121,1.0,
76209,48121,1.0,
76210,48121,1.0,
76225,48337,0.0073,
76225,48497,0.9927,
76226,48121,1.0,
76227,48121,1.0,
76228,48077,0.8982,
76228,48337,0.1018,
76230,48077,0.0778,
76230,48237,0.314,
76230,48337,0.6082,
76233,48097,0.2402,
76233,48181,0.7598,
76234,48097,0.0585,
76234,48121,0.0219,
76234,48497,0.9196,
76238,48097,1.0,
76239,48097,0.1195,
76239,48337,0.8805,
76240,48097,0.9994,
76240,48181,0.0006,
76241,48097,1.0,
76244,48439,1.0,
76245,48181,1.0,
76247,48121,0.9658,
76247,48497,0.0342,
76248,48439,1.0,
76249,48121,0.9547,
76249,48497,0.0453,
76250,48097,1.0,
76251,48337,1.0,
76252,48097,0.9789,
76252,48337,0.0211,
76253,48097,1.0,
76255,48337,1.0,
76258,48097,0.0139,
76258,48121,0.8358,
76258,48181,0.1503,
76259,48121,0.9586,
76259,48497,0.0414,
76261,48077,0.3642,
76261,48337,0.6358,
76262,48121,0.7194,
76262,48439,0.2806,
76263,48097,1.0,
76264,48181,1.0,
76265,48097,0.163,
76265,48337,0.837,
76266,48097,0.0295,
76266,48121,0.9705,
76267,48497,1.0,
76268,48181,1.0,
76270,48337,0.7138,
76270,48497,0.2862,
76271,48097,0.2824,
76271,48181,0.7176,
76272,48097,0.9574,
76272,48121,0.0426,
76273,48097,0.4817,
76273,48181,0.5183,
76301,48485,1.0,
76302,48009,0.0005,
76302,48485,0.9995,
76305,48077,0.6861,
76305,48485,0.3139,
76306,48485,1.0,
76308,48009,0.1325,
76308,48485,0.8675,
76309,48485,1.0,
76310,48009,0.4642,
76310,48077,0.2654,
76310,48485,0.2704,
76311,48485,1.0,
76351,48009,1.0,
76354,48485,1.0,
76357,48077,1.0,
76360,48009,0.0647,
76360,48023,0.0043,
76360,48485,0.4975,
76360,48487,0.4335,
76363,48275,1.0,
76364,48487,1.0,
76365,48077,0.9681,
76365,48237,0.0319,
76366,48009,1.0,
76367,48485,1.0,
76370,48009,1.0,
76371,48207,0.0332,
76371,48275,0.9668,
76372,48447,0.5124,
76372,48503,0.4876,
76373,48487,1.0,
76374,48009,0.1845,
76374,48447,0.0315,
76374,48503,0.784,
76377,48077,1.0,
76379,48009,1.0,
76380,48023,0.9228,
76380,48275,0.0772,
76384,48155,0.0042,
76384,48487,0.9958,
76388,48207,1.0,
76389,48009,0.7193,
76389,48077,0.2132,
76389,48237,0.0675,
76401,48143,1.0,
76402,48143,1.0,
76424,48429,0.9658,
76424,48503,0.0342,
76426,48237,0.1255,
76426,48497,0.8745,
76427,48237,1.0,
76429,48363,0.0822,
76429,48429,0.9178,
76430,48417,0.9708,
76430,48447,0.0292,
76431,48237,0.2551,
76431,48497,0.7449,
76432,48049,0.5788,
76432,48093,0.4212,
76433,48143,0.7514,
76433,48221,0.1173,
76433,48425,0.1313,
76435,48133,1.0,
76436,48093,0.8563,
76436,48143,0.0316,
76436,48193,0.1121,
76437,48059,0.1563,
76437,48133,0.6929,
76437,48429,0.1508,
76439,48367,1.0,
76442,48093,0.9088,
76442,48193,0.0149,
76442,48333,0.0762,
76443,48049,0.2253,
76443,48059,0.7291,
76443,48083,0.0456,
76444,48093,0.9888,
76444,48143,0.0112,
76445,48093,0.1446,
76445,48133,0.8009,
76445,48143,0.0545,
76446,48093,0.2848,
76446,48143,0.7152,
76448,48133,1.0,
76449,48237,0.008,
76449,48363,0.992,
76450,48363,0.0572,
76450,48429,0.0918,
76450,48503,0.851,
76452,48093,1.0,
76453,48143,0.1925,
76453,48363,0.8075,
76454,48093,0.2426,
76454,48133,0.7574,
76455,48093,1.0,
76457,48035,0.08,
76457,48143,0.3396,
76457,48193,0.5803,
76458,48237,0.9946,
76458,48497,0.0054,
76459,48237,1.0,
76460,48503,1.0,
76462,48143,0.2563,
76462,48221,0.3654,
76462,48363,0.1306,
76462,48367,0.2477,
76463,48143,0.8928,
76463,48363,0.1072,
76464,48059,0.1415,
76464,48417,0.5811,
76464,48429,0.2773,
76466,48133,1.0,
76469,48059,1.0,
76470,48133,0.544,
76470,48429,0.456,
76471,48049,0.2739,
76471,48093,0.0847,
76471,48133,0.6414,
76472,48363,1.0,
76474,48049,0.0347,
76474,48093,0.9653,
76475,48133,0.1082,
76475,48363,0.7297,
76475,48429,0.1621,
76476,48221,1.0,
76481,48503,1.0,
76483,48447,1.0,
76484,48363,1.0,
76486,48237,0.6653,
76486,48363,0.1714,
76486,48367,0.1633,
76487,48237,0.1035,
76487,48367,0.6611,
76487,48497,0.2354,
76490,48367,1.0,
76491,48429,0.0139,
76491,48447,0.9861,
76501,48027,1.0,
76502,48027,1.0,
76504,48027,1.0,
76511,48027,0.571,
76511,48331,0.0623,
76511,48491,0.3667,
76513,48027,1.0,
76518,48331,1.0,
76519,48027,0.2837,
76519,48145,0.1458,
76519,48331,0.5704,
76520,48331,1.0,
76522,48099,0.8026,
76522,48281,0.1974,
76523,48331,1.0,
76524,48145,0.8036,
76524,48309,0.1964,
76525,48099,0.2716,
76525,48193,0.5146,
76525,48281,0.2137,
76527,48027,0.0662,
76527,48053,0.0764,
76527,48491,0.8574,
76528,48027,0.0161,
76528,48099,0.9839,
76530,48491,1.0,
76531,48093,0.0247,
76531,48193,0.9617,
76531,48333,0.0137,
76534,48027,0.9323,
76534,48331,0.0677,
76537,48491,1.0,
76538,48099,0.3093,
76538,48193,0.6907,
76539,48027,0.0506,
76539,48053,0.2176,
76539,48099,0.0176,
76539,48281,0.7143,
76541,48027,1.0,
76542,48027,1.0,
76543,48027,1.0,
76544,48027,0.2086,
76544,48099,0.7914,
76548,48027,1.0,
76549,48027,0.8854,
76549,48053,0.1139,
76549,48099,0.0008,
76550,48053,0.4156,
76550,48281,0.5844,
76554,48027,1.0,
76556,48051,0.0077,
76556,48331,0.9923,
76557,48027,0.4504,
76557,48099,0.1352,
76557,48309,0.4144,
76559,48027,1.0,
76561,48099,0.8948,
76561,48309,0.1052,
76565,48193,1.0,
76566,48099,0.6838,
76566,48193,0.3162,
76567,48051,0.0942,
76567,48331,0.9058,
76569,48027,0.7241,
76569,48331,0.2759,
76570,48027,0.0043,
76570,48145,0.6654,
76570,48331,0.3303,
76571,48027,1.0,
76573,48491,1.0,
76574,48453,0.0014,
76574,48491,0.9986,
76577,48331,0.9037,
76577,48491,0.0963,
76578,48331,0.0078,
76578,48491,0.9922,
76579,48027,0.8543,
76579,48145,0.1457,
76596,48099,1.0,
76597,48099,1.0,
76598,48099,1.0,
76599,48099,1.0,
76621,48217,0.9628,
76621,48309,0.0372,
76622,48217,0.9791,
76622,48309,0.0209,
76623,48139,1.0,
76624,48293,0.122,
76624,48309,0.878,
76626,48139,0.0521,
76626,48349,0.9479,
76627,48217,1.0,
76628,48217,1.0,
76629,48145,0.1835,
76629,48395,0.8165,
76630,48145,0.0747,
76630,48309,0.9253,
76631,48217,1.0,
76632,48145,1.0,
76633,48035,0.2697,
76633,48309,0.7303,
76634,48035,0.9786,
76634,48099,0.0214,
76635,48293,1.0,
76636,48217,1.0,
76637,48035,0.5661,
76637,48193,0.4339,
76638,48309,1.0,
76639,48349,1.0,
76640,48309,1.0,
76641,48139,0.0869,
76641,48349,0.9131,
76642,48293,1.0,
76643,48309,1.0,
76645,48217,1.0,
76648,48217,0.7545,
76648,48293,0.1426,
76648,48349,0.1029,
76649,48035,0.792,
76649,48143,0.208,
76650,48217,1.0,
76651,48139,1.0,
76652,48035,1.0,
76653,48145,0.3311,
76653,48293,0.5798,
76653,48395,0.0891,
76654,48309,1.0,
76655,48145,0.1664,
76655,48309,0.8336,
76656,48145,1.0,
76657,48099,0.0753,
76657,48309,0.9247,
76660,48217,1.0,
76661,48145,1.0,
76664,48145,0.0706,
76664,48293,0.6475,
76664,48309,0.2819,
76665,48035,1.0,
76666,48217,0.631,
76666,48349,0.369,
76667,48161,0.1802,
76667,48293,0.8198,
76670,48139,0.6251,
76670,48217,0.3749,
76671,48035,1.0,
76673,48217,0.6136,
76673,48293,0.3773,
76673,48309,0.0091,
76676,48217,1.0,
76678,48293,1.0,
76679,48349,1.0,
76680,48145,1.0,
76681,48349,1.0,
76682,48145,0.6086,
76682,48309,0.3914,
76685,48145,1.0,
76686,48293,1.0,
76687,48145,0.0095,
76687,48293,0.8267,
76687,48395,0.1638,
76689,48035,0.5856,
76689,48099,0.1344,
76689,48309,0.28,
76690,48035,0.6189,
76690,48143,0.0333,
76690,48425,0.3478,
76691,48217,0.0735,
76691,48309,0.9265,
76692,48217,1.0,
76693,48161,0.5232,
76693,48293,0.1021,
76693,48349,0.3747,
76701,48309,1.0,
76704,48309,1.0,
76705,48309,1.0,
76706,48145,0.0429,
76706,48309,0.9571,
76707,48309,1.0,
76708,48309,1.0,
76710,48309,1.0,
76711,48309,1.0,
76712,48309,1.0,
76798,48309,1.0,
76801,48049,0.9473,
76801,48083,0.0307,
76801,48333,0.022,
76802,48049,1.0,
76820,48319,1.0,
76821,48399,1.0,
76823,48049,0.8749,
76823,48083,0.1251,
76824,48411,1.0,
76825,48307,0.9723,
76825,48319,0.0277,
76827,48049,0.9309,
76827,48083,0.0691,
76828,48083,1.0,
76831,48299,1.0,
76832,48411,1.0,
76834,48083,1.0,
76836,48095,0.3884,
76836,48307,0.6116,
76837,48095,1.0,
76841,48267,0.0101,
76841,48327,0.3153,
76841,48413,0.6747,
76842,48319,0.5935,
76842,48411,0.4065,
76844,48193,0.0323,
76844,48281,0.0138,
76844,48333,0.9539,
76845,48083,1.0,
76848,48327,1.0,
76849,48265,0.03,
76849,48267,0.97,
76852,48307,1.0,
76853,48281,0.8772,
76853,48333,0.1158,
76853,48411,0.007,
76854,48267,0.858,
76854,48327,0.142,
76856,48319,1.0,
76857,48049,0.9587,
76857,48093,0.0413,
76858,48095,0.6632,
76858,48307,0.3368,
76859,48267,0.1435,
76859,48327,0.8565,
76861,48399,0.3999,
76861,48451,0.6001,
76862,48095,1.0,
76864,48333,1.0,
76865,48399,1.0,
76866,48095,1.0,
76869,48299,0.2265,
76869,48319,0.3827,
76869,48411,0.3908,
76870,48333,1.0,
76871,48307,0.0916,
76871,48411,0.9084,
76872,48307,0.7929,
76872,48411,0.2071,
76873,48083,1.0,
76874,48267,0.5676,
76874,48435,0.4324,
76875,48095,0.3735,
76875,48399,0.6265,
76877,48411,1.0,
76878,48083,1.0,
76880,48333,1.0,
76882,48083,0.4493,
76882,48399,0.5507,
76884,48083,1.0,
76885,48299,1.0,
76887,48307,1.0,
76888,48083,1.0,
76890,48049,0.7823,
76890,48093,0.0202,
76890,48333,0.1975,
76901,48235,0.2773,
76901,48451,0.7227,
76902,48451,1.0,
76903,48451,1.0,
76904,48235,0.0791,
76904,48451,0.9209,
76905,48451,1.0,
76908,48451,1.0,
76909,48451,1.0,
76930,48105,0.4981,
76930,48235,0.5019,
76932,48105,0.3699,
76932,48383,0.6301,
76933,48081,0.6975,
76933,48399,0.3025,
76934,48451,1.0,
76935,48413,0.513,
76935,48451,0.487,
76936,48413,1.0,
76937,48095,0.1961,
76937,48451,0.8039,
76939,48451,1.0,
76940,48451,1.0,
76941,48235,1.0,
76943,48105,0.7438,
76943,48465,0.2562,
76945,48081,0.9479,
76945,48431,0.0108,
76945,48451,0.0413,
76950,48137,0.1326,
76950,48435,0.7931,
76950,48465,0.0743,
76951,48431,1.0,
76953,48081,1.0,
76955,48095,0.2584,
76955,48451,0.7416,
76957,48451,1.0,
76958,48451,1.0,
77002,48201,1.0,
77003,48201,1.0,
77004,48201,1.0,
77005,48201,1.0,
77006,48201,1.0,
77007,48201,1.0,
77008,48201,1.0,
77009,48201,1.0,
77010,48201,1.0,
77011,48201,1.0,
77012,48201,1.0,
77013,48201,1.0,
77014,48201,1.0,
77015,48201,1.0,
77016,48201,1.0,
77017,48201,1.0,
77018,48201,1.0,
77019,48201,1.0,
77020,48201,1.0,
77021,48201,1.0,
77022,48201,1.0,
77023,48201,1.0,
77024,48201,1.0,
77025,48201,1.0,
77026,48201,1.0,
77027,48201,1.0,
77028,48201,1.0,
77029,48201,1.0,
77030,48201,1.0,
77031,48157,0.0088,
77031,48201,0.9912,
77032,48201,1.0,
77033,48201,1.0,
77034,48201,1.0,
77035,48201,1.0,
77036,48201,1.0,
77037,48201,1.0,
77038,48201,1.0,
77039,48201,1.0,
77040,48201,1.0,
77041,48201,1.0,
77042,48201,1.0,
77043,48201,1.0,
77044,48201,1.0,
77045,48201,1.0,
77046,48201,1.0,
77047,48201,1.0,
77048,48201,1.0,
77049,48201,1.0,
77050,48201,1.0,
77051,48201,1.0,
77053,48157,0.6897,
77053,48201,0.3103,
77054,48201,1.0,
77055,48201,1.0,
77056,48201,1.0,
77057,48201,1.0,
77058,48201,1.0,
77059,48201,1.0,
77060,48201,1.0,
77061,48201,1.0,
77062,48201,1.0,
77063,48201,1.0,
77064,48201,1.0,
77065,48201,1.0,
77066,48201,1.0,
77067,48201,1.0,
77068,48201,1.0,
77069,48201,1.0,
77070,48201,1.0,
77071,48201,1.0,
77072,48201,1.0,
77073,48201,1.0,
77074,48201,1.0,
77075,48201,1.0,
77076,48201,1.0,
77077,48201,1.0,
77078,48201,1.0,
77079,48201,1.0,
77080,48201,1.0,
77081,48201,1.0,
77082,48157,0.0021,
77082,48201,0.9979,
77083,48157,0.4015,
77083,48201,0.5985,
77084,48201,1.0,
77085,48157,0.0307,
77085,48201,0.9693,
77086,48201,1.0,
77087,48201,1.0,
77088,48201,1.0,
77089,48201,1.0,
77090,48201,1.0,
77091,48201,1.0,
77092,48201,1.0,
77093,48201,1.0,
77094,48201,1.0,
77095,48201,1.0,
77096,48201,1.0,
77098,48201,1.0,
77099,48157,0.0492,
77099,48201,0.9508,
77204,48201,1.0,
77301,48339,1.0,
77302,48339,1.0,
77303,48339,1.0,
77304,48339,1.0,
77306,48339,1.0,
77316,48185,0.0387,
77316,48339,0.9613,
77318,48339,1.0,
77320,48407,0.0624,
77320,48471,0.9376,
77326,48373,1.0,
77327,48291,0.9991,
77327,48339,0.0009,
77328,48291,0.0835,
77328,48339,0.2167,
77328,48407,0.6997,
77331,48407,1.0,
77334,48471,1.0,
77335,48373,1.0,
77336,48201,1.0,
77338,48201,1.0,
77339,48201,0.7595,
77339,48339,0.2405,
77340,48471,1.0,
77341,48471,1.0,
77342,48471,1.0,
77345,48201,1.0,
77346,48201,1.0,
77350,48373,1.0,
77351,48373,1.0,
77354,48339,1.0,
77355,48339,0.9007,
77355,48473,0.0993,
77356,48185,0.0229,
77356,48339,0.9771,
77357,48201,0.1037,
77357,48291,0.076,
77357,48339,0.8203,
77358,48339,0.0649,
77358,48407,0.2157,
77358,48471,0.7193,
77359,48407,1.0,
77360,48373,1.0,
77362,48339,1.0,
77363,48185,0.981,
77363,48473,0.019,
77364,48407,1.0,
77365,48201,0.0381,
77365,48339,0.9619,
77367,48471,1.0,
77368,48291,1.0,
77369,48199,0.0266,
77369,48291,0.9734,
77371,48291,0.0008,
77371,48407,0.9992,
77372,48291,0.1254,
77372,48339,0.8746,
77373,48201,1.0,
77374,48199,1.0,
77375,48201,1.0,
77376,48199,1.0,
77377,48201,1.0,
77378,48339,0.605,
77378,48407,0.395,
77379,48201,1.0,
77380,48339,1.0,
77381,48339,1.0,
77382,48339,1.0,
77384,48339,1.0,
77385,48339,1.0,
77386,48339,1.0,
77388,48201,1.0,
77389,48201,1.0,
77396,48201,1.0,
77401,48201,1.0,
77406,48157,1.0,
77407,48157,1.0,
77412,48089,1.0,
77414,48321,1.0,
77415,48321,1.0,
77417,48157,1.0,
77418,48015,1.0,
77419,48321,1.0,
77420,48157,0.1188,
77420,48321,0.2644,
77420,48481,0.6168,
77422,48039,1.0,
77423,48157,0.0789,
77423,48473,0.9211,
77426,48015,0.2144,
77426,48477,0.7856,
77428,48321,1.0,
77429,48201,1.0,
77430,48039,0.7845,
77430,48157,0.2155,
77431,48039,1.0,
77432,48481,1.0,
77433,48201,1.0,
77434,48089,0.6572,
77434,48481,0.3428,
77435,48089,0.0304,
77435,48157,0.0729,
77435,48481,0.8967,
77436,48481,1.0,
77437,48481,1.0,
77440,48321,1.0,
77441,48157,1.0,
77442,48089,1.0,
77443,48481,1.0,
77444,48039,0.4962,
77444,48157,0.5038,
77445,48473,1.0,
77446,48473,1.0,
77447,48201,0.6652,
77447,48339,0.0491,
77447,48473,0.2857,
77448,48481,1.0,
77449,48201,1.0,
77450,48157,0.3454,
77450,48201,0.6546,
77451,48157,1.0,
77453,48481,1.0,
77454,48481,1.0,
77455,48089,0.055,
77455,48239,0.0542,
77455,48481,0.8908,
77456,48321,1.0,
77457,48321,1.0,
77458,48321,1.0,
77459,48157,1.0,
77460,48089,1.0,
77461,48157,1.0,
77464,48157,1.0,
77465,48057,0.0271,
77465,48239,0.2019,
77465,48321,0.771,
77466,48473,1.0,
77467,48481,1.0,
77468,48321,1.0,
77469,48157,1.0,
77470,48089,1.0,
77471,48157,1.0,
77473,48015,1.0,
77474,48015,0.9808,
77474,48089,0.0192,
77475,48089,1.0,
77476,48157,1.0,
77477,48157,0.9475,
77477,48201,0.0525,
77478,48157,1.0,
77479,48157,1.0,
77480,48039,0.8178,
77480,48321,0.1822,
77481,48157,1.0,
77482,48321,1.0,
77483,48321,1.0,
77484,48185,0.0109,
77484,48201,0.2074,
77484,48473,0.7817,
77485,48015,0.5987,
77485,48157,0.4013,
77486,48039,1.0,
77488,48089,0.0,
77488,48481,1.0,
77489,48157,0.9637,
77489,48201,0.0363,
77493,48157,0.0011,
77493,48201,0.6809,
77493,48473,0.318,
77494,48157,0.8499,
77494,48201,0.0701,
77494,48473,0.0799,
77498,48157,1.0,
77502,48201,1.0,
77503,48201,1.0,
77504,48201,1.0,
77505,48201,1.0,
77506,48201,1.0,
77507,48201,1.0,
77510,48039,0.0633,
77510,48167,0.9367,
77511,48039,0.8656,
77511,48167,0.1344,
77514,48071,1.0,
77515,48039,1.0,
77517,48039,0.25,
77517,48167,0.75,
77518,48167,1.0,
77519,48199,1.0,
77520,48071,0.0434,
77520,48201,0.9566,
77521,48071,0.2274,
77521,48201,0.7726,
77523,48071,0.9537,
77523,48201,0.0463,
77530,48201,1.0,
77531,48039,1.0,
77532,48201,1.0,
77533,48291,1.0,
77534,48039,1.0,
77535,48071,0.0314,
77535,48201,0.0024,
77535,48291,0.9662,
77536,48201,1.0,
77538,48291,1.0,
77539,48167,1.0,
77541,48039,1.0,
77545,48039,0.0077,
77545,48157,0.9923,
77546,48039,0.0193,
77546,48167,0.6713,
77546,48201,0.3093,
77547,48201,1.0,
77550,48167,1.0,
77551,48167,1.0,
77554,48167,1.0,
77555,48167,1.0,
77560,48071,1.0,
77561,48291,1.0,
77562,48201,1.0,
77563,48167,1.0,
77564,48199,0.2368,
77564,48291,0.7632,
77565,48167,1.0,
77566,48039,1.0,
77568,48167,1.0,
77571,48201,1.0,
77573,48167,1.0,
77575,48071,0.0261,
77575,48291,0.9739,
77577,48039,1.0,
77578,48039,1.0,
77580,48071,1.0,
77581,48039,0.9429,
77581,48201,0.0571,
77582,48291,1.0,
77583,48039,0.9162,
77583,48157,0.0838,
77584,48039,0.9584,
77584,48157,0.0416,
77585,48199,1.0,
77586,48201,1.0,
77587,48201,1.0,
77590,48167,1.0,
77591,48167,1.0,
77597,48071,1.0,
77598,48201,1.0,
77611,48361,1.0,
77612,48241,0.6517,
77612,48351,0.3483,
77613,48245,1.0,
77614,48351,1.0,
77615,48241,1.0,
77616,48457,1.0,
77617,48167,1.0,
77619,48245,1.0,
77622,48245,1.0,
77623,48167,1.0,
77624,48457,1.0,
77625,48199,1.0,
77627,48245,1.0,
77629,48245,0.7315,
77629,48291,0.2685,
77630,48361,1.0,
77632,48351,0.2422,
77632,48361,0.7578,
77640,48245,1.0,
77642,48245,1.0,
77650,48167,1.0,
77651,48245,1.0,
77655,48245,1.0,
77656,48199,0.8636,
77656,48457,0.1364,
77657,48199,1.0,
77659,48199,1.0,
77660,48457,1.0,
77661,48071,1.0,
77662,48241,0.1536,
77662,48361,0.8464,
77663,48199,0.8361,
77663,48457,0.1639,
77664,48199,0.0954,
77664,48457,0.9046,
77665,48071,0.7539,
77665,48245,0.2461,
77701,48245,1.0,
77702,48245,1.0,
77703,48245,1.0,
77705,48245,1.0,
77706,48245,1.0,
77707,48245,1.0,
77708,48245,1.0,
77713,48245,1.0,
77801,48041,1.0,
77802,48041,1.0,
77803,48041,1.0,
77807,48041,0.8498,
77807,48395,0.1502,
77808,48041,0.8422,
77808,48395,0.1578,
77830,48185,1.0,
77831,48185,0.7652,
77831,48313,0.0124,
77831,48471,0.2224,
77833,48015,0.0848,
77833,48477,0.9152,
77835,48015,0.0108,
77835,48477,0.9892,
77836,48051,0.9794,
77836,48331,0.0206,
77837,48395,1.0,
77840,48041,1.0,
77843,48041,1.0,
77845,48041,1.0,
77852,48051,1.0,
77853,48287,1.0,
77855,48289,1.0,
77856,48395,1.0,
77857,48331,1.0,
77859,48041,0.166,
77859,48395,0.834,
77861,48185,1.0,
77863,48051,1.0,
77864,48313,1.0,
77865,48289,1.0,
77866,48041,1.0,
77867,48395,1.0,
77868,48041,0.2846,
77868,48185,0.7007,
77868,48473,0.007,
77868,48477,0.0077,
77871,48289,0.6117,
77871,48313,0.3883,
77872,48185,0.041,
77872,48313,0.959,
77873,48185,0.3527,
77873,48339,0.4361,
77873,48471,0.2113,
77875,48185,1.0,
77876,48185,1.0,
77878,48051,1.0,
77879,48051,1.0,
77880,48477,1.0,
77882,48395,1.0,
77901,48469,1.0,
77904,48469,1.0,
77905,48175,0.092,
77905,48469,0.908,
77950,48007,0.7404,
77950,48391,0.2596,
77951,48469,1.0,
77954,48123,0.9503,
77954,48177,0.0497,
77957,48239,1.0,
77960,48175,1.0,
77961,48239,1.0,
77962,48239,1.0,
77963,48175,1.0,
77964,48089,0.0222,
77964,48285,0.9778,
77968,48469,1.0,
77969,48239,1.0,
77970,48239,1.0,
77971,48239,1.0,
77973,48469,1.0,
77974,48123,0.6359,
77974,48469,0.3641,
77975,48285,1.0,
77976,48469,1.0,
77977,48469,1.0,
77978,48057,1.0,
77979,48057,0.8032,
77979,48239,0.0902,
77979,48469,0.1066,
77982,48057,1.0,
77983,48057,1.0,
77984,48123,0.0146,
77984,48177,0.3386,
77984,48285,0.6468,
77986,48285,1.0,
77987,48285,1.0,
77988,48469,1.0,
77990,48057,0.2091,
77990,48391,0.7909,
77991,48239,1.0,
77993,48175,1.0,
77994,48123,0.9262,
77994,48177,0.0738,
77995,48123,0.4814,
77995,48285,0.4303,
77995,48469,0.0883,
78001,48283,1.0,
78002,48029,1.0,
78003,48019,0.8525,
78003,48325,0.1475,
78004,48259,1.0,
78005,48013,0.1146,
78005,48163,0.8854,
78006,48029,0.0683,
78006,48091,0.01,
78006,48259,0.9217,
78007,48311,1.0,
78008,48013,0.9255,
78008,48297,0.0745,
78009,48325,1.0,
78010,48265,1.0,
78011,48013,1.0,
78012,48013,1.0,
78013,48259,0.5032,
78013,48265,0.4968,
78014,48127,0.0232,
78014,48283,0.9768,
78015,48029,0.4282,
78015,48091,0.1039,
78015,48259,0.4679,
78016,48163,0.0426,
78016,48325,0.9574,
78017,48163,0.8762,
78017,48283,0.1238,
78019,48283,0.1582,
78019,48479,0.8418,
78021,48283,0.6405,
78021,48311,0.3595,
78022,48297,0.8858,
78022,48311,0.1142,
78023,48019,0.0151,
78023,48029,0.8488,
78023,48325,0.1362,
78024,48265,0.9538,
78024,48385,0.0462,
78025,48265,1.0,
78026,48013,0.7238,
78026,48311,0.2762,
78027,48259,1.0,
78028,48171,0.1622,
78028,48265,0.8378,
78029,48265,1.0,
78039,48029,0.2904,
78039,48325,0.7096,
78040,48479,1.0,
78041,48479,1.0,
78043,48479,1.0,
78044,48479,1.0,
78045,48479,1.0,
78046,48479,1.0,
78050,48013,1.0,
78052,48013,0.7646,
78052,48029,0.0756,
78052,48325,0.1598,
78055,48019,0.976,
78055,48265,0.024,
78056,48325,1.0,
78057,48163,0.8364,
78057,48325,0.1636,
78058,48171,0.0353,
78058,48265,0.7849,
78058,48385,0.1798,
78059,48325,1.0,
78061,48163,1.0,
78062,48013,1.0,
78063,48019,0.9996,
78063,48265,0.0004,
78064,48013,0.9594,
78064,48493,0.0406,
78065,48013,1.0,
78066,48325,1.0,
78067,48505,1.0,
78069,48013,0.7218,
78069,48029,0.2782,
78070,48031,0.0781,
78070,48091,0.822,
78070,48259,0.0998,
78071,48297,0.8923,
78071,48311,0.1077,
78072,48311,1.0,
78073,48013,0.1056,
78073,48029,0.8944,
78074,48259,1.0,
78075,48297,0.9404,
78075,48311,0.0596,
78076,48505,1.0,
78101,48029,0.5218,
78101,48493,0.4782,
78102,48025,0.9424,
78102,48297,0.0576,
78104,48025,1.0,
78107,48175,1.0,
78108,48029,0.1008,
78108,48091,0.0274,
78108,48187,0.8718,
78109,48029,1.0,
78111,48255,1.0,
78112,48029,0.988,
78112,48493,0.012,
78113,48013,0.32,
78113,48255,0.2789,
78113,48493,0.4011,
78114,48013,0.074,
78114,48493,0.926,
78116,48255,1.0,
78117,48255,1.0,
78118,48013,0.0344,
78118,48255,0.8914,
78118,48297,0.0742,
78119,48025,0.3364,
78119,48255,0.5473,
78119,48297,0.1163,
78121,48187,0.2485,
78121,48493,0.7515,
78122,48177,1.0,
78123,48187,1.0,
78124,48029,0.1248,
78124,48187,0.8752,
78125,48025,1.0,
78130,48091,0.4347,
78130,48187,0.5603,
78130,48209,0.005,
78132,48091,0.9947,
78132,48187,0.0053,
78133,48091,1.0,
78140,48177,0.676,
78140,48187,0.0327,
78140,48255,0.0193,
78140,48493,0.272,
78141,48123,0.7832,
78141,48255,0.2168,
78142,48025,1.0,
78143,48493,1.0,
78144,48255,1.0,
78145,48025,1.0,
78146,48025,1.0,
78147,48493,1.0,
78148,48029,1.0,
78150,48029,1.0,
78151,48123,0.0481,
78151,48255,0.9519,
78152,48029,1.0,
78154,48029,0.5636,
78154,48091,0.117,
78154,48187,0.3193,
78155,48187,1.0,
78159,48177,1.0,
78160,48493,1.0,
78161,48493,1.0,
78162,48025,1.0,
78163,48091,1.0,
78164,48123,0.8729,
78164,48175,0.1271,
78201,48029,1.0,
78202,48029,1.0,
78203,48029,1.0,
78204,48029,1.0,
78205,48029,1.0,
78207,48029,1.0,
78208,48029,1.0,
78209,48029,1.0,
78210,48029,1.0,
78211,48029,1.0,
78212,48029,1.0,
78213,48029,1.0,
78214,48029,1.0,
78215,48029,1.0,
78216,48029,1.0,
78217,48029,1.0,
78218,48029,1.0,
78219,48029,1.0,
78220,48029,1.0,
78221,48029,1.0,
78222,48029,1.0,
78223,48029,0.9155,
78223,48493,0.0845,
78224,48029,1.0,
78225,48029,1.0,
78226,48029,1.0,
78227,48029,1.0,
78228,48029,1.0,
78229,48029,1.0,
78230,48029,1.0,
78231,48029,1.0,
78232,48029,1.0,
78233,48029,1.0,
78234,48029,1.0,
78235,48029,1.0,
78236,48029,1.0,
78237,48029,1.0,
78238,48029,1.0,
78239,48029,1.0,
78240,48029,1.0,
78242,48029,1.0,
78243,48029,1.0,
78244,48029,1.0,
78245,48029,1.0,
78247,48029,1.0,
78248,48029,1.0,
78249,48029,1.0,
78250,48029,1.0,
78251,48029,1.0,
78252,48029,1.0,
78253,48029,0.6271,
78253,48325,0.3729,
78254,48029,1.0,
78255,48029,1.0,
78256,48029,1.0,
78257,48029,1.0,
78258,48029,1.0,
78259,48029,1.0,
78260,48029,1.0,
78261,48029,1.0,
78263,48029,1.0,
78264,48013,0.0642,
78264,48029,0.9358,
78266,48029,0.1964,
78266,48091,0.8036,
78330,48355,1.0,
78332,48131,0.1529,
78332,48249,0.8471,
78336,48007,0.3011,
78336,48355,0.029,
78336,48409,0.6699,
78338,48261,1.0,
78339,48355,1.0,
78340,48391,1.0,
78341,48131,1.0,
78342,48249,1.0,
78343,48355,1.0,
78344,48479,1.0,
78347,48355,1.0,
78349,48131,1.0,
78351,48355,1.0,
78352,48409,1.0,
78353,48047,1.0,
78355,48047,0.8466,
78355,48249,0.1128,
78355,48273,0.0406,
78357,48131,1.0,
78358,48007,1.0,
78359,48409,1.0,
78360,48247,1.0,
78361,48131,0.0287,
78361,48247,0.877,
78361,48505,0.0944,
78362,48409,1.0,
78363,48273,1.0,
78368,48297,0.2978,
78368,48409,0.7022,
78369,48479,1.0,
78370,48409,1.0,
78371,48479,1.0,
78372,48131,0.0977,
78372,48249,0.7731,
78372,48297,0.1292,
78373,48355,1.0,
78374,48409,1.0,
78375,48249,1.0,
78376,48131,1.0,
78377,48391,1.0,
78379,48273,1.0,
78380,48249,0.0028,
78380,48355,0.9972,
78382,48007,1.0,
78383,48249,0.301,
78383,48297,0.6222,
78383,48355,0.0769,
78384,48131,0.9861,
78384,48249,0.0139,
78385,48261,1.0,
78387,48025,0.2086,
78387,48409,0.7914,
78389,48025,1.0,
78390,48007,0.0775,
78390,48409,0.9225,
78391,48025,1.0,
78393,48391,1.0,
78401,48355,1.0,
78402,48355,1.0,
78404,48355,1.0,
78405,48355,1.0,
78406,48355,1.0,
78407,48355,1.0,
78408,48355,1.0,
78409,48355,1.0,
78410,48355,1.0,
78411,48355,1.0,
78412,48355,1.0,
78413,48355,1.0,
78414,48355,1.0,
78415,48355,1.0,
78416,48355,1.0,
78417,48355,1.0,
78418,48273,0.6011,
78418,48355,0.3989,
78419,48355,1.0,
78501,48215,1.0,
78503,48215,1.0,
78504,48215,1.0,
78516,48215,1.0,
78520,48061,1.0,
78521,48061,1.0,
78526,48061,1.0,
78535,48061,1.0,
78536,48427,1.0,
78537,48215,1.0,
78538,48215,1.0,
78539,48215,1.0,
78540,48215,1.0,
78541,48215,1.0,
78542,48215,1.0,
78543,48215,1.0,
78545,48427,0.6862,
78545,48505,0.3138,
78547,48427,1.0,
78548,48427,1.0,
78549,48215,1.0,
78550,48061,1.0,
78552,48061,1.0,
78557,48215,1.0,
78558,48215,1.0,
78559,48061,1.0,
78560,48215,1.0,
78561,48489,1.0,
78562,48215,1.0,
78563,48215,0.992,
78563,48427,0.008,
78564,48505,1.0,
78565,48215,1.0,
78566,48061,1.0,
78567,48061,1.0,
78569,48061,0.0566,
78569,48215,0.1478,
78569,48489,0.7956,
78570,48215,1.0,
78572,48215,1.0,
78573,48215,1.0,
78574,48215,1.0,
78575,48061,1.0,
78576,48215,1.0,
78577,48215,1.0,
78578,48061,1.0,
78579,48215,1.0,
78580,48261,0.0816,
78580,48489,0.9184,
78582,48427,1.0,
78583,48061,1.0,
78584,48427,1.0,
78585,48427,1.0,
78586,48061,1.0,
78588,48427,1.0,
78589,48215,1.0,
78590,48489,1.0,
78591,48427,1.0,
78592,48061,1.0,
78593,48061,1.0,
78594,48489,1.0,
78595,48215,0.7833,
78595,48427,0.2167,
78596,48215,1.0,
78597,48061,1.0,
78598,48489,1.0,
78599,48215,1.0,
78602,48021,1.0,
78605,48053,1.0,
78606,48031,0.7515,
78606,48091,0.0351,
78606,48259,0.2134,
78607,48299,1.0,
78608,48053,1.0,
78609,48299,1.0,
78610,48055,0.0236,
78610,48209,0.7142,
78610,48453,0.2621,
78611,48053,0.9802,
78611,48299,0.0198,
78612,48021,0.9884,
78612,48453,0.0116,
78613,48453,0.1137,
78613,48491,0.8863,
78614,48177,1.0,
78615,48453,0.3606,
78615,48491,0.6394,
78616,48021,0.1785,
78616,48055,0.8211,
78616,48453,0.0004,
78617,48021,0.2159,
78617,48453,0.7841,
78618,48171,0.618,
78618,48319,0.382,
78619,48209,1.0,
78620,48031,0.0498,
78620,48209,0.8545,
78620,48453,0.0956,
78621,48021,0.6256,
78621,48287,0.0859,
78621,48453,0.1457,
78621,48491,0.1427,
78622,48055,1.0,
78623,48091,0.9223,
78623,48209,0.0777,
78624,48171,0.9129,
78624,48259,0.0871,
78626,48491,1.0,
78628,48491,1.0,
78629,48123,0.0186,
78629,48177,0.9814,
78631,48171,0.443,
78631,48265,0.0691,
78631,48267,0.4879,
78632,48055,0.41,
78632,48177,0.59,
78633,48491,1.0,
78634,48453,0.0044,
78634,48491,0.9956,
78635,48031,1.0,
78636,48031,1.0,
78638,48177,0.0167,
78638,48187,0.9833,
78639,48053,0.1719,
78639,48299,0.8281,
78640,48055,0.1495,
78640,48209,0.8364,
78640,48453,0.0141,
78641,48453,0.6288,
78641,48491,0.3712,
78642,48053,0.0802,
78642,48491,0.9198,
78643,48299,1.0,
78644,48055,1.0,
78645,48453,1.0,
78648,48055,0.7568,
78648,48177,0.089,
78648,48187,0.1543,
78650,48021,0.7101,
78650,48287,0.2899,
78652,48209,0.4358,
78652,48453,0.5642,
78653,48021,0.0115,
78653,48453,0.9885,
78654,48053,0.8077,
78654,48453,0.1923,
78655,48055,0.6003,
78655,48187,0.3997,
78656,48055,0.9704,
78656,48209,0.0296,
78657,48053,0.3078,
78657,48299,0.6922,
78658,48177,1.0,
78659,48021,0.7911,
78659,48287,0.2089,
78660,48453,1.0,
78661,48055,1.0,
78662,48021,0.8124,
78662,48055,0.1876,
78663,48031,0.9331,
78663,48053,0.0094,
78663,48209,0.0198,
78663,48453,0.0377,
78664,48453,0.1437,
78664,48491,0.8563,
78665,48491,1.0,
78666,48055,0.0202,
78666,48091,0.0433,
78666,48187,0.1573,
78666,48209,0.7792,
78669,48031,0.1902,
78669,48053,0.3747,
78669,48453,0.4351,
78670,48187,1.0,
78671,48171,1.0,
78672,48299,1.0,
78674,48491,1.0,
78675,48171,1.0,
78676,48031,0.066,
78676,48091,0.0094,
78676,48209,0.9246,
78677,48177,1.0,
78681,48491,1.0,
78701,48453,1.0,
78702,48453,1.0,
78703,48453,1.0,
78704,48453,1.0,
78705,48453,1.0,
78712,48453,1.0,
78717,48491,1.0,
78719,48453,1.0,
78721,48453,1.0,
78722,48453,1.0,
78723,48453,1.0,
78724,48453,1.0,
78725,48453,1.0,
78726,48453,1.0,
78727,48453,0.9814,
78727,48491,0.0186,
78728,48453,0.7832,
78728,48491,0.2168,
78729,48453,0.1165,
78729,48491,0.8835,
78730,48453,1.0,
78731,48453,1.0,
78732,48453,1.0,
78733,48453,1.0,
78734,48453,1.0,
78735,48453,1.0,
78736,48209,0.0329,
78736,48453,0.9671,
78737,48209,0.7119,
78737,48453,0.2881,
78738,48453,1.0,
78739,48209,0.0776,
78739,48453,0.9224,
78741,48453,1.0,
78742,48453,1.0,
78744,48453,1.0,
78745,48453,1.0,
78746,48453,1.0,
78747,48453,1.0,
78748,48453,1.0,
78749,48453,1.0,
78750,48453,0.7807,
78750,48491,0.2193,
78751,48453,1.0,
78752,48453,1.0,
78753,48453,1.0,
78754,48453,1.0,
78756,48453,1.0,
78757,48453,1.0,
78758,48453,1.0,
78759,48453,0.9888,
78759,48491,0.0112,
78801,48385,0.0239,
78801,48463,0.9761,
78802,48463,1.0,
78827,48127,1.0,
78828,48137,0.3485,
78828,48385,0.6515,
78829,48507,1.0,
78830,48127,1.0,
78832,48271,1.0,
78833,48137,0.2389,
78833,48385,0.76,
78833,48463,0.0011,
78834,48127,0.8911,
78834,48507,0.1089,
78836,48127,1.0,
78837,48465,1.0,
78838,48463,1.0,
78839,48127,0.0206,
78839,48507,0.9794,
78840,48465,1.0,
78841,48465,1.0,
78842,48465,1.0,
78843,48465,1.0,
78850,48325,1.0,
78851,48443,1.0,
78852,48323,1.0,
78860,48323,1.0,
78861,48325,1.0,
78870,48463,1.0,
78871,48465,1.0,
78872,48507,1.0,
78873,48385,1.0,
78877,48323,1.0,
78879,48385,0.7682,
78879,48463,0.2318,
78880,48137,0.9718,
78880,48385,0.0282,
78881,48463,1.0,
78883,48019,1.0,
78884,48019,0.5266,
78884,48325,0.1029,
78884,48463,0.3705,
78885,48019,1.0,
78886,48325,1.0,
78931,48015,1.0,
78932,48149,0.4149,
78932,48477,0.5851,
78933,48015,0.3048,
78933,48089,0.6952,
78934,48089,1.0,
78935,48089,1.0,
78938,48149,1.0,
78940,48015,0.079,
78940,48089,0.1658,
78940,48149,0.7552,
78941,48021,0.0589,
78941,48149,0.8074,
78941,48177,0.129,
78941,48285,0.0047,
78942,48021,0.0506,
78942,48149,0.078,
78942,48287,0.8714,
78943,48089,1.0,
78944,48015,1.0,
78945,48021,0.0074,
78945,48149,0.9914,
78945,48287,0.0012,
78946,48149,0.3444,
78946,48287,0.6121,
78946,48477,0.0435,
78947,48287,1.0,
78948,48287,1.0,
78949,48149,1.0,
78950,48015,0.6904,
78950,48089,0.284,
78950,48149,0.0256,
78951,48089,1.0,
78953,48021,0.6523,
78953,48055,0.3477,
78954,48015,0.0826,
78954,48149,0.9174,
78956,48149,0.7501,
78956,48285,0.2499,
78957,48021,0.8889,
78957,48149,0.1111,
78959,48021,0.0108,
78959,48055,0.0265,
78959,48149,0.1642,
78959,48177,0.7985,
78962,48089,0.8461,
78962,48149,0.1539,
78963,48149,1.0,
79001,48117,0.3469,
79001,48359,0.6531,
79002,48179,1.0,
79003,48211,0.7441,
79003,48483,0.2559,
79005,48295,0.7397,
79005,48357,0.2603,
79007,48233,1.0,
79008,48233,1.0,
79009,48369,1.0,
79010,48359,0.2862,
79010,48375,0.7138,
79011,48211,0.4921,
79011,48483,0.5079,
79012,48381,1.0,
79013,48341,1.0,
79014,48211,0.7816,
79014,48295,0.1876,
79014,48393,0.0308,
79015,48381,1.0,
79016,48381,1.0,
79018,48205,0.6527,
79018,48341,0.1907,
79018,48359,0.1566,
79019,48011,0.9705,
79019,48381,0.0295,
79021,48189,1.0,
79022,48111,0.5771,
79022,48205,0.4229,
79024,48295,1.0,
79025,48117,1.0,
79027,48069,0.9926,
79027,48279,0.0074,
79029,48205,0.0227,
79029,48341,0.9773,
79031,48069,0.0681,
79031,48279,0.9319,
79032,48189,1.0,
79033,48357,1.0,
79034,48295,1.0,
79035,48117,0.3012,
79035,48369,0.6988,
79036,48065,0.6671,
79036,48233,0.2525,
79036,48341,0.0338,
79036,48375,0.0466,
79039,48011,0.0734,
79039,48065,0.5238,
79039,48129,0.0506,
79039,48179,0.3522,
79040,48195,0.63,
79040,48421,0.37,
79041,48189,0.961,
79041,48279,0.039,
79042,48011,0.0665,
79042,48069,0.2345,
79042,48381,0.4792,
79042,48437,0.2198,
79043,48069,0.8173,
79043,48189,0.0553,
79043,48279,0.1274,
79044,48205,1.0,
79045,48069,0.1629,
79045,48117,0.8371,
79046,48211,0.1286,
79046,48295,0.8714,
79051,48111,1.0,
79052,48069,0.0303,
79052,48189,0.0904,
79052,48437,0.8793,
79053,48369,1.0,
79054,48179,1.0,
79056,48295,1.0,
79057,48087,0.0627,
79057,48129,0.3559,
79057,48179,0.4429,
79057,48483,0.1385,
79058,48341,0.3081,
79058,48375,0.6919,
79059,48179,0.1095,
79059,48393,0.8905,
79061,48179,0.0908,
79061,48483,0.9092,
79062,48195,0.1729,
79062,48233,0.8271,
79063,48069,1.0,
79064,48189,0.2644,
79064,48279,0.7356,
79065,48179,0.777,
79065,48393,0.223,
79066,48179,1.0,
79068,48065,0.9913,
79068,48375,0.0087,
79070,48295,0.013,
79070,48357,0.9015,
79070,48393,0.0855,
79072,48189,1.0,
79073,48189,1.0,
79078,48233,1.0,
79079,48087,0.4128,
79079,48483,0.5872,
79080,48065,0.1399,
79080,48233,0.8601,
79081,48195,0.7499,
79081,48233,0.1199,
79081,48357,0.0858,
79081,48393,0.0444,
79082,48279,1.0,
79083,48233,0.7162,
79083,48341,0.2838,
79084,48111,0.0267,
79084,48421,0.9733,
79085,48069,1.0,
79086,48341,0.4148,
79086,48421,0.5852,
79087,48111,1.0,
79088,48045,0.1294,
79088,48069,0.0166,
79088,48437,0.854,
79091,48381,1.0,
79092,48117,0.1607,
79092,48359,0.8393,
79093,48357,1.0,
79094,48011,1.0,
79095,48075,0.0348,
79095,48087,0.9652,
79096,48483,1.0,
79097,48065,0.948,
79097,48179,0.052,
79098,48117,0.4641,
79098,48359,0.364,
79098,48375,0.0219,
79098,48381,0.1501,
79101,48375,1.0,
79102,48375,1.0,
79103,48375,0.5001,
79103,48381,0.4999,
79104,48375,1.0,
79106,48375,0.9033,
79106,48381,0.0967,
79107,48375,1.0,
79108,48065,0.0127,
79108,48375,0.9873,
79109,48375,0.2073,
79109,48381,0.7927,
79110,48381,1.0,
79111,48375,1.0,
79118,48011,0.0047,
79118,48375,0.0647,
79118,48381,0.9306,
79119,48381,1.0,
79121,48375,0.161,
79121,48381,0.839,
79124,48375,0.9754,
79124,48381,0.0246,
79201,48075,0.5401,
79201,48101,0.1882,
79201,48191,0.1636,
79201,48345,0.1082,
79220,48125,1.0,
79223,48101,1.0,
79225,48197,0.7698,
79225,48487,0.2302,
79226,48011,0.2399,
79226,48045,0.1385,
79226,48129,0.6031,
79226,48191,0.0186,
79227,48155,0.6627,
79227,48275,0.3373,
79229,48125,1.0,
79230,48075,0.6698,
79230,48087,0.3302,
79231,48153,1.0,
79233,48191,1.0,
79234,48153,0.1849,
79234,48345,0.8151,
79235,48107,0.0841,
79235,48153,0.8809,
79235,48345,0.035,
79236,48125,0.0022,
79236,48269,0.9978,
79237,48129,1.0,
79239,48191,1.0,
79240,48129,1.0,
79241,48153,0.993,
79241,48437,0.007,
79243,48107,0.3437,
79243,48125,0.6563,
79244,48345,1.0,
79245,48075,0.331,
79245,48087,0.1263,
79245,48129,0.0424,
79245,48191,0.5003,
79247,48487,1.0,
79248,48101,0.6541,
79248,48125,0.0273,
79248,48155,0.1069,
79248,48269,0.2117,
79250,48107,0.1138,
79250,48153,0.1902,
79250,48189,0.5806,
79250,48303,0.1154,
79251,48087,1.0,
79252,48101,0.0325,
79252,48197,0.9675,
79255,48045,0.7198,
79255,48153,0.226,
79255,48345,0.0542,
79256,48125,0.1608,
79256,48345,0.8392,
79257,48045,0.9742,
79257,48437,0.0258,
79258,48153,1.0,
79259,48075,0.2279,
79259,48191,0.7721,
79261,48191,1.0,
79311,48189,0.7398,
79311,48303,0.2602,
79312,48279,1.0,
79313,48219,0.5625,
79313,48279,0.4287,
79313,48303,0.0088,
79314,48079,1.0,
79316,48445,1.0,
79322,48107,1.0,
79323,48165,0.5789,
79323,48501,0.4211,
79324,48017,0.9943,
79324,48279,0.0057,
79325,48017,0.0437,
79325,48369,0.9563,
79326,48279,1.0,
79329,48303,1.0,
79330,48169,1.0,
79331,48033,0.041,
79331,48115,0.7751,
79331,48165,0.0301,
79331,48317,0.1538,
79336,48079,0.0244,
79336,48219,0.9756,
79339,48219,0.2908,
79339,48279,0.7092,
79342,48165,1.0,
79343,48107,0.6399,
79343,48303,0.3601,
79344,48017,1.0,
79345,48305,0.0569,
79345,48445,0.9431,
79346,48017,0.0641,
79346,48079,0.9359,
79347,48017,0.7791,
79347,48069,0.0279,
79347,48279,0.0411,
79347,48369,0.1519,
79350,48303,1.0,
79351,48033,0.3114,
79351,48115,0.3693,
79351,48305,0.3194,
79353,48219,1.0,
79355,48501,1.0,
79356,48107,0.154,
79356,48169,0.7582,
79356,48305,0.0878,
79357,48107,1.0,
79358,48219,0.8644,
79358,48303,0.0848,
79358,48445,0.0508,
79359,48165,0.6095,
79359,48445,0.1375,
79359,48501,0.253,
79360,48165,1.0,
79363,48219,0.1625,
79363,48303,0.8375,
79364,48107,0.0532,
79364,48169,0.0891,
79364,48303,0.6872,
79364,48305,0.1705,
79366,48303,1.0,
79367,48219,1.0,
79369,48279,1.0,
79370,48107,0.1401,
79370,48125,0.6187,
79370,48169,0.0457,
79370,48263,0.1954,
79371,48017,0.5782,
79371,48279,0.4218,
79372,48219,1.0,
79373,48305,1.0,
79376,48445,0.2546,
79376,48501,0.7454,
79377,48115,1.0,
79378,48445,1.0,
79379,48079,1.0,
79380,48219,1.0,
79381,48305,1.0,
79382,48219,0.0571,
79382,48303,0.9429,
79383,48305,1.0,
79401,48303,1.0,
79402,48303,1.0,
79403,48303,1.0,
79404,48303,1.0,
79406,48303,1.0,
79407,48219,0.6251,
79407,48303,0.3749,
79410,48303,1.0,
79411,48303,1.0,
79412,48303,1.0,
79413,48303,1.0,
79414,48303,1.0,
79415,48303,1.0,
79416,48303,1.0,
79423,48303,0.7886,
79423,48305,0.2114,
79424,48303,1.0,
79501,48253,1.0,
79502,48433,1.0,
79503,48207,0.1303,
79503,48253,0.8697,
79504,48059,0.9435,
79504,48417,0.0565,
79505,48275,1.0,
79506,48081,0.2588,
79506,48353,0.7412,
79508,48441,1.0,
79510,48059,0.8903,
79510,48083,0.1097,
79511,48033,0.2678,
79511,48227,0.7322,
79512,48335,0.9659,
79512,48415,0.0341,
79517,48033,0.7304,
79517,48415,0.2696,
79518,48263,1.0,
79519,48083,0.6355,
79519,48399,0.3082,
79519,48441,0.0563,
79520,48151,0.3865,
79520,48253,0.5347,
79520,48433,0.0788,
79521,48207,0.935,
79521,48447,0.065,
79525,48253,1.0,
79526,48151,0.0793,
79526,48415,0.9207,
79527,48033,0.1683,
79527,48415,0.8317,
79528,48263,0.7586,
79528,48433,0.2414,
79529,48207,0.1536,
79529,48275,0.8464,
79530,48399,0.3265,
79530,48441,0.6735,
79532,48335,0.9188,
79532,48353,0.0492,
79532,48415,0.032,
79533,48207,0.1353,
79533,48253,0.1785,
79533,48417,0.6326,
79533,48447,0.0536,
79534,48151,1.0,
79535,48353,1.0,
79536,48253,0.3734,
79536,48353,0.0178,
79536,48441,0.6088,
79537,48353,1.0,
79538,48083,0.6585,
79538,48399,0.3415,
79539,48207,1.0,
79540,48433,1.0,
79541,48059,0.071,
79541,48441,0.929,
79543,48151,1.0,
79544,48207,0.9231,
79544,48433,0.0769,
79545,48151,0.1527,
79545,48353,0.8159,
79545,48415,0.0314,
79546,48151,0.7712,
79546,48415,0.0383,
79546,48433,0.1905,
79547,48207,0.9953,
79547,48433,0.0047,
79548,48207,1.0,
79549,48033,0.01,
79549,48263,0.3861,
79549,48415,0.6039,
79553,48207,0.377,
79553,48253,0.623,
79556,48151,0.4166,
79556,48353,0.5834,
79560,48151,0.7517,
79560,48253,0.2483,
79561,48151,0.3609,
79561,48253,0.114,
79561,48353,0.3642,
79561,48441,0.1609,
79562,48441,1.0,
79563,48441,1.0,
79565,48335,1.0,
79566,48353,0.1504,
79566,48399,0.1696,
79566,48441,0.6799,
79567,48399,0.941,
79567,48441,0.059,
79601,48059,0.1215,
79601,48253,0.4664,
79601,48417,0.2363,
79601,48441,0.1758,
79602,48059,0.2273,
79602,48441,0.7727,
79603,48441,1.0,
79605,48441,1.0,
79606,48441,1.0,
79607,48441,1.0,
79699,48441,1.0,
79701,48329,1.0,
79703,48329,1.0,
79705,48317,0.5135,
79705,48329,0.4865,
79706,48173,0.0577,
79706,48329,0.9301,
79706,48461,0.0122,
79707,48329,1.0,
79713,48033,0.1011,
79713,48115,0.2199,
79713,48227,0.217,
79713,48317,0.462,
79714,48003,1.0,
79718,48389,1.0,
79719,48475,1.0,
79720,48033,0.0569,
79720,48173,0.3519,
79720,48227,0.5499,
79720,48317,0.0413,
79721,48227,1.0,
79730,48371,1.0,
79731,48103,1.0,
79733,48227,1.0,
79734,48243,1.0,
79735,48371,1.0,
79738,48033,1.0,
79739,48173,0.9134,
79739,48383,0.0866,
79741,48135,1.0,
79742,48475,1.0,
79743,48371,1.0,
79744,48105,0.5131,
79744,48371,0.4869,
79745,48495,1.0,
79748,48227,0.6238,
79748,48317,0.3762,
79749,48317,1.0,
79752,48105,0.1945,
79752,48371,0.2167,
79752,48461,0.5888,
79754,48301,1.0,
79755,48329,0.0192,
79755,48461,0.9808,
79756,48475,1.0,
79758,48135,1.0,
79759,48135,1.0,
79761,48135,1.0,
79762,48135,1.0,
79763,48135,1.0,
79764,48135,1.0,
79765,48135,0.4526,
79765,48329,0.5474,
79766,48103,0.19,
79766,48135,0.5366,
79766,48329,0.2734,
79769,48135,1.0,
79770,48389,1.0,
79772,48389,0.9864,
79772,48475,0.0136,
79776,48135,1.0,
79777,48475,1.0,
79778,48461,1.0,
79780,48389,1.0,
79781,48105,0.4201,
79781,48371,0.1364,
79781,48443,0.4435,
79782,48173,0.0892,
79782,48317,0.8404,
79782,48329,0.0704,
79783,48317,1.0,
79785,48389,1.0,
79788,48475,1.0,
79789,48495,1.0,
79821,48141,1.0,
79830,48043,1.0,
79832,48043,1.0,
79834,48043,1.0,
79835,48141,0.9876,
79836,48141,1.0,
79837,48229,0.1832,
79838,48141,1.0,
79839,48229,1.0,
79842,48043,1.0,
79843,48377,1.0,
79845,48377,1.0,
79846,48377,1.0,
79847,48109,0.5443,
79847,48229,0.4557,
79848,48443,1.0,
79849,48141,1.0,
79851,48229,1.0,
79852,48043,1.0,
79853,48141,1.0,
79854,48243,0.6861,
79854,48377,0.3139,
79855,48109,0.7235,
79855,48229,0.2765,
79901,48141,1.0,
79902,48141,1.0,
79903,48141,1.0,
79904,48141,1.0,
79905,48141,1.0,
79906,48141,1.0,
79907,48141,1.0,
79908,48141,1.0,
79911,48141,1.0,
79912,48141,1.0,
79915,48141,1.0,
79916,48141,1.0,
79918,48141,1.0,
79920,48141,1.0,
79922,48141,0.8291,
79924,48141,1.0,
79925,48141,1.0,
79927,48141,1.0,
79928,48141,1.0,
79930,48141,1.0,
79932,48141,1.0,
79934,48141,1.0,
79935,48141,1.0,
79936,48141,1.0,
79938,48141,0.5445,
79938,48229,0.4555,
88430,48359,0.0265,
