zip,primary_state,population
27006,NC,14963
27007,NC,2051
27009,NC,2860
27010,NC,
27011,NC,5210
27012,NC,29954
27013,NC,6257
27014,NC,798
27016,NC,1693
27017,NC,8976
27018,NC,7550
27019,NC,3768
27020,NC,6168
27021,NC,17345
27022,NC,1399
27023,NC,13214
27024,NC,2589
27025,NC,10769
27027,NC,4006
27028,NC,26479
27030,NC,36995
27040,NC,12409
27041,NC,7501
27042,NC,664
27043,NC,6322
27045,NC,9548
27046,NC,1977
27047,NC,1169
27048,NC,7910
27049,NC,
27050,NC,3929
27051,NC,8195
27052,NC,9861
27053,NC,2883
27054,NC,2602
27055,NC,14109
27094,NC,
27099,NC,
27101,NC,21654
27102,NC,
27103,NC,36023
27104,NC,30533
27105,NC,39977
27106,NC,49115
27107,NC,49834
27108,NC,
27109,NC,3120
27110,NC,2138
27111,NC,
27113,NC,
27114,NC,
27115,NC,
27116,NC,
27117,NC,
27120,NC,
27127,NC,39809
27130,NC,
27150,NC,
27152,NC,
27155,NC,
27157,NC,
27199,NC,
27201,NC,93
27202,NC,41
27203,NC,21869
27205,NC,33562
27207,NC,3724
27208,NC,1790
27209,NC,4016
27212,NC,2667
27213,NC,83
27214,NC,12417
27215,NC,44620
27216,NC,
27217,NC,39556
27229,NC,3228
27230,NC,
27231,NC,1939
27233,NC,3477
27235,NC,4876
27239,NC,8839
27242,NC,1807
27243,NC,4622
27244,NC,16671
27247,NC,111
27248,NC,4535
27249,NC,13537
27252,NC,1584
27253,NC,32010
27256,NC,101
27258,NC,7088
27259,NC,124
27260,NC,24573
27261,NC,
27262,NC,25253
27263,NC,21613
27264,NC,
27265,NC,52530
27268,NC,1613
27278,NC,28846
27281,NC,3299
27282,NC,15966
27283,NC,3056
27284,NC,56859
27285,NC,
27288,NC,23375
27289,NC,
27291,NC,1559
27292,NC,39337
27293,NC,
27294,NC,
27295,NC,39042
27298,NC,10583
27299,NC,5057
27301,NC,10752
27302,NC,33237
27305,NC,1425
27306,NC,6399
27310,NC,8331
27311,NC,3321
27312,NC,21572
27313,NC,6792
27314,NC,1026
27315,NC,1892
27316,NC,6664
27317,NC,17563
27320,NC,37843
27325,NC,5775
27326,NC,3679
27330,NC,39489
27331,NC,
27332,NC,36020
27340,NC,149
27341,NC,5235
27342,NC,39
27343,NC,1656
27344,NC,17834
27349,NC,6308
27350,NC,6550
27351,NC,71
27355,NC,2688
27356,NC,2989
27357,NC,9190
27358,NC,15173
27359,NC,
27360,NC,47165
27370,NC,15119
27371,NC,7284
27373,NC,
27374,NC,376
27375,NC,
27376,NC,9317
27377,NC,11341
27379,NC,4463
27401,NC,21854
27402,NC,
27403,NC,23679
27404,NC,
27405,NC,51506
27406,NC,61597
27407,NC,49803
27408,NC,17896
27409,NC,17378
27410,NC,54968
27411,NC,1776
27412,NC,3353
27413,NC,
27415,NC,
27416,NC,
27417,NC,
27419,NC,
27420,NC,
27425,NC,
27429,NC,
27435,NC,
27438,NC,
27455,NC,30913
27495,NC,
27497,NC,
27498,NC,
27499,NC,
27501,NC,20918
27502,NC,45725
27503,NC,6012
27504,NC,16613
27505,NC,7005
27506,NC,1153
27507,NC,1813
27508,NC,2077
27509,NC,7650
27510,NC,14801
27511,NC,32786
27512,NC,
27513,NC,46526
27514,NC,33809
27515,NC,
27516,NC,45841
27517,NC,28837
27518,NC,21807
27519,NC,65923
27520,NC,46478
27521,NC,6345
27522,NC,13630
27523,NC,17320
27524,NC,13258
27525,NC,16684
27526,NC,56089
27527,NC,33827
27528,NC,
27529,NC,54250
27530,NC,37470
27531,NC,584
27532,NC,
27533,NC,361
27534,NC,30844
27536,NC,15998
27537,NC,23635
27539,NC,26326
27540,NC,44302
27541,NC,4026
27542,NC,9607
27543,NC,
27544,NC,3824
27545,NC,32567
27546,NC,20637
27549,NC,24558
27551,NC,2052
27552,NC,
27553,NC,1944
27555,NC,458
27556,NC,139
27557,NC,8336
27559,NC,2412
27560,NC,38959
27562,NC,3800
27563,NC,4970
27565,NC,24676
27568,NC,1187
27569,NC,8854
27570,NC,24
27571,NC,8627
27572,NC,6652
27573,NC,11017
27574,NC,14320
27576,NC,17568
27577,NC,24972
27581,NC,3646
27582,NC,313
27583,NC,7204
27584,NC,104
27586,NC,
27587,NC,76647
27588,NC,
27589,NC,6927
27591,NC,24677
27592,NC,18115
27593,NC,31
27594,NC,63
27596,NC,19023
27597,NC,27178
27599,NC,16
27601,NC,9965
27602,NC,
27603,NC,54616
27604,NC,46076
27605,NC,6409
27606,NC,48343
27607,NC,27182
27608,NC,12018
27609,NC,36218
27610,NC,75164
27611,NC,
27612,NC,39576
27613,NC,46969
27614,NC,35415
27615,NC,43010
27616,NC,56941
27617,NC,20968
27619,NC,
27620,NC,
27622,NC,
27623,NC,
27624,NC,
27627,NC,
27628,NC,
27629,NC,
27636,NC,
27640,NC,
27656,NC,
27658,NC,
27661,NC,
27675,NC,
27676,NC,
27690,NC,
27697,NC,0
27699,NC,
27701,NC,25208
27702,NC,
27703,NC,61539
27704,NC,39532
27705,NC,50472
27706,NC,
27707,NC,49787
27708,NC,3419
27709,NC,5
27710,NC,
27712,NC,21683
27713,NC,54988
27715,NC,
27717,NC,
27722,NC,
27801,NC,19043
27802,NC,
27803,NC,20882
27804,NC,28707
27805,NC,3164
27806,NC,1950
27807,NC,6749
27808,NC,2324
27809,NC,4345
27810,NC,3439
27811,NC,
27812,NC,2358
27813,NC,659
27814,NC,1627
27815,NC,15
27816,NC,2636
27817,NC,6824
27818,NC,1159
27819,NC,241
27820,NC,2486
27821,NC,216
27822,NC,8351
27823,NC,6354
27824,NC,1113
27825,NC,84
27826,NC,1126
27827,NC,41
27828,NC,8673
27829,NC,1786
27830,NC,4377
27831,NC,3009
27832,NC,2630
27833,NC,
27834,NC,55051
27835,NC,
27836,NC,
27837,NC,5871
27839,NC,3509
27840,NC,457
27841,NC,49
27842,NC,1469
27843,NC,931
27844,NC,2932
27845,NC,1489
27846,NC,2731
27847,NC,714
27849,NC,1027
27850,NC,6462
27851,NC,5023
27852,NC,2673
27853,NC,394
27855,NC,5908
27856,NC,17029
27857,NC,1075
27858,NC,52857
27860,NC,1749
27861,NC,70
27862,NC,820
27863,NC,12520
27864,NC,4133
27865,NC,1926
27866,NC,756
27867,NC,
27868,NC,
27869,NC,1832
27870,NC,25738
27871,NC,3951
27872,NC,222
27873,NC,295
27874,NC,4027
27875,NC,390
27876,NC,1127
27877,NC,2
27878,NC,1323
27879,NC,278
27880,NC,3347
27881,NC,32
27882,NC,7648
27883,NC,3398
27884,NC,1156
27885,NC,802
27886,NC,18776
27887,NC,
27888,NC,2100
27889,NC,26054
27890,NC,2150
27891,NC,4626
27892,NC,13864
27893,NC,37131
27894,NC,
27895,NC,
27896,NC,20683
27897,NC,1370
27906,NC,
27907,NC,
27909,NC,40606
27910,NC,10662
27915,NC,832
27916,NC,913
27917,NC,658
27919,NC,1120
27920,NC,1181
27921,NC,4978
27922,NC,788
27923,NC,552
27924,NC,2620
27925,NC,3017
27926,NC,1606
27927,NC,1457
27928,NC,1670
27929,NC,2471
27932,NC,11930
27935,NC,1485
27936,NC,994
27937,NC,3524
27938,NC,1330
27939,NC,2722
27941,NC,673
27942,NC,623
27943,NC,577
27944,NC,11406
27946,NC,1154
27947,NC,1139
27948,NC,12095
27949,NC,8151
27950,NC,1918
27953,NC,947
27954,NC,6510
27956,NC,251
27957,NC,1251
27958,NC,12078
27959,NC,3182
27960,NC,797
27962,NC,6788
27964,NC,447
27965,NC,563
27966,NC,1183
27967,NC,428
27968,NC,213
27969,NC,159
27970,NC,2798
27973,NC,1610
27974,NC,886
27976,NC,3918
27978,NC,214
27979,NC,1393
27980,NC,1915
27981,NC,1544
27982,NC,132
27983,NC,8945
27985,NC,169
27986,NC,2226
28001,NC,27185
28002,NC,
28006,NC,899
28007,NC,631
28009,NC,1210
28010,NC,
28012,NC,26202
28016,NC,13313
28017,NC,553
28018,NC,5320
28019,NC,40
28020,NC,2430
28021,NC,13669
28023,NC,15144
28024,NC,14
28025,NC,58260
28026,NC,
28027,NC,76478
28031,NC,30836
28032,NC,3279
28033,NC,2862
28034,NC,19258
28035,NC,
28036,NC,21244
28037,NC,25596
28038,NC,
28039,NC,62
28040,NC,7472
28041,NC,30
28042,NC,111
28043,NC,20183
28052,NC,35332
28053,NC,
28054,NC,40548
28055,NC,
28056,NC,34332
28070,NC,
28071,NC,3147
28072,NC,864
28073,NC,5356
28074,NC,15
28075,NC,21366
28076,NC,358
28077,NC,362
28078,NC,67863
28079,NC,39051
28080,NC,7964
28081,NC,28583
28082,NC,
28083,NC,25821
28086,NC,27641
28088,NC,3343
28089,NC,153
28090,NC,7870
28091,NC,1766
28092,NC,38719
28093,NC,
28097,NC,6876
28098,NC,3868
28101,NC,736
28102,NC,94
28103,NC,10164
28104,NC,34521
28105,NC,44085
28106,NC,
28107,NC,9353
28108,NC,50
28109,NC,541
28110,NC,53316
28111,NC,
28112,NC,27126
28114,NC,7351
28115,NC,43413
28117,NC,46917
28119,NC,2044
28120,NC,24017
28123,NC,
28124,NC,6922
28125,NC,2687
28126,NC,
28127,NC,7571
28128,NC,7119
28129,NC,5817
28130,NC,
28133,NC,2550
28134,NC,12411
28135,NC,4779
28136,NC,42
28137,NC,2804
28138,NC,10855
28139,NC,18665
28144,NC,26254
28145,NC,
28146,NC,29572
28147,NC,26618
28150,NC,28517
28151,NC,
28152,NC,25643
28159,NC,3067
28160,NC,3869
28163,NC,5334
28164,NC,14903
28166,NC,10357
28167,NC,2417
28168,NC,10120
28169,NC,169
28170,NC,10337
28173,NC,64144
28174,NC,9269
28201,NC,
28202,NC,16447
28203,NC,18572
28204,NC,9411
28205,NC,49600
28206,NC,14053
28207,NC,9184
28208,NC,38614
28209,NC,24836
28210,NC,46843
28211,NC,31917
28212,NC,41009
28213,NC,47215
28214,NC,42925
28215,NC,61842
28216,NC,57196
28217,NC,28955
28219,NC,
28220,NC,
28221,NC,
28222,NC,
28223,NC,5197
28224,NC,
28226,NC,40513
28227,NC,57126
28228,NC,
28229,NC,
28230,NC,
28231,NC,
28232,NC,
28233,NC,
28234,NC,
28235,NC,
28236,NC,
28237,NC,
28241,NC,
28244,NC,0
28246,NC,
28247,NC,
28256,NC,
28262,NC,46048
28266,NC,
28269,NC,82422
28270,NC,34613
28271,NC,
28273,NC,41404
28274,NC,822
28277,NC,74957
28278,NC,33426
28280,NC,22
28281,NC,
28282,NC,0
28284,NC,
28285,NC,
28287,NC,
28297,NC,
28299,NC,
28301,NC,17670
28302,NC,
28303,NC,30842
28304,NC,37120
28305,NC,5844
28306,NC,44615
28307,NC,14426
28308,NC,337
28309,NC,
28310,NC,8503
28311,NC,36302
28312,NC,19723
28314,NC,54271
28315,NC,13500
28318,NC,4275
28320,NC,7810
28323,NC,4613
28325,NC,328
28326,NC,26061
28327,NC,18118
28328,NC,25300
28329,NC,
28330,NC,384
28331,NC,150
28332,NC,444
28333,NC,10560
28334,NC,23697
28337,NC,9285
28338,NC,3811
28339,NC,6444
28340,NC,8481
28341,NC,3495
28342,NC,178
28343,NC,1368
28344,NC,2982
28345,NC,11546
28347,NC,1555
28348,NC,37476
28349,NC,3070
28350,NC,339
28351,NC,4278
28352,NC,24940
28353,NC,
28355,NC,17
28356,NC,5562
28357,NC,2746
28358,NC,32865
28359,NC,1073
28360,NC,12043
28362,NC,44
28363,NC,1257
28364,NC,12402
28365,NC,14653
28366,NC,4948
28367,NC,100
28368,NC,86
28369,NC,2123
28370,NC,
28371,NC,7278
28372,NC,13765
28373,NC,2331
28374,NC,18818
28375,NC,181
28376,NC,43160
28377,NC,11081
28378,NC,81
28379,NC,24603
28380,NC,
28382,NC,6511
28383,NC,7098
28384,NC,11160
28385,NC,2857
28386,NC,5768
28387,NC,16413
28388,NC,
28390,NC,23799
28391,NC,5476
28392,NC,1333
28393,NC,1713
28394,NC,5559
28395,NC,2596
28396,NC,2284
28398,NC,6602
28399,NC,1675
28401,NC,22204
28402,NC,
28403,NC,38134
28404,NC,
28405,NC,31775
28406,NC,
28408,NC,
28409,NC,34681
28410,NC,
28411,NC,37834
28412,NC,42758
28420,NC,3466
28421,NC,1518
28422,NC,8249
28423,NC,2009
28424,NC,59
28425,NC,10280
28428,NC,6848
28429,NC,8802
28430,NC,1522
28431,NC,6255
28432,NC,1806
28433,NC,4282
28434,NC,957
28435,NC,2241
28436,NC,1829
28438,NC,1541
28439,NC,1165
28441,NC,2965
28442,NC,1487
28443,NC,25074
28444,NC,1955
28445,NC,10243
28447,NC,992
28448,NC,977
28449,NC,1926
28450,NC,2073
28451,NC,39025
28452,NC,577
28453,NC,3251
28454,NC,3175
28455,NC,1681
28456,NC,3502
28457,NC,11008
28458,NC,5587
28459,NC,
28460,NC,12591
28461,NC,22141
28462,NC,12674
28463,NC,8494
28464,NC,2086
28465,NC,8020
28466,NC,8773
28467,NC,11770
28468,NC,5047
28469,NC,8171
28470,NC,11141
28472,NC,17308
28478,NC,4274
28479,NC,6087
28480,NC,2476
28501,NC,17964
28504,NC,20180
28508,NC,1922
28509,NC,7
28510,NC,1451
28511,NC,561
28512,NC,3011
28513,NC,10006
28515,NC,2729
28516,NC,11204
28518,NC,7852
28519,NC,389
28520,NC,254
28521,NC,1952
28522,NC,
28523,NC,2376
28524,NC,314
28525,NC,3261
28526,NC,2208
28527,NC,1220
28528,NC,588
28529,NC,2050
28530,NC,6771
28531,NC,1127
28532,NC,20340
28533,NC,1792
28537,NC,106
28538,NC,2155
28539,NC,17039
28540,NC,49739
28541,NC,
28542,NC,3536
28543,NC,5016
28544,NC,4283
28545,NC,
28546,NC,48547
28547,NC,22703
28551,NC,13215
28552,NC,141
28553,NC,382
28554,NC,158
28555,NC,5260
28556,NC,864
28557,NC,14910
28560,NC,28005
28561,NC,
28562,NC,39375
28563,NC,
28564,NC,
28570,NC,21647
28571,NC,2502
28572,NC,6549
28573,NC,2013
28574,NC,18689
28575,NC,164
28577,NC,302
28578,NC,5339
28579,NC,643
28580,NC,12672
28581,NC,187
28582,NC,1891
28583,NC,
28584,NC,13584
28585,NC,3617
28586,NC,7865
28587,NC,277
28590,NC,28326
28594,NC,3849
28601,NC,53973
28602,NC,29184
28603,NC,
28604,NC,7050
28605,NC,3873
28606,NC,2059
28607,NC,35495
28608,NC,
28609,NC,6137
28610,NC,10100
28611,NC,648
28612,NC,11835
28613,NC,22970
28615,NC,1915
28616,NC,162
28617,NC,2343
28618,NC,2226
28619,NC,510
28621,NC,9952
28622,NC,2395
28623,NC,1618
28624,NC,1395
28625,NC,38396
28626,NC,2499
28627,NC,1334
28628,NC,117
28629,NC,59
28630,NC,19772
28631,NC,647
28633,NC,
28634,NC,5164
28635,NC,3464
28636,NC,4998
28637,NC,1471
28638,NC,11880
28640,NC,4622
28641,NC,47
28642,NC,5336
28643,NC,3233
28644,NC,1598
28645,NC,46004
28646,NC,553
28647,NC,
28649,NC,936
28650,NC,12982
28651,NC,6305
28652,NC,73
28653,NC,36
28654,NC,3354
28655,NC,55328
28656,NC,
28657,NC,9086
28658,NC,26453
28659,NC,20588
28660,NC,2289
28661,NC,
28662,NC,127
28663,NC,701
28664,NC,91
28665,NC,2549
28666,NC,118
28667,NC,376
28668,NC,272
28669,NC,2861
28670,NC,2747
28671,NC,503
28672,NC,34
28673,NC,6761
28675,NC,6138
28676,NC,3471
28677,NC,35926
28678,NC,4999
28679,NC,1911
28680,NC,
28681,NC,25181
28682,NC,1126
28683,NC,1740
28684,NC,2065
28685,NC,1831
28687,NC,
28688,NC,
28689,NC,1846
28690,NC,9124
28692,NC,4161
28693,NC,1425
28694,NC,7769
28697,NC,12674
28698,NC,2141
28699,NC,
28701,NC,4311
28702,NC,409
28704,NC,23734
28705,NC,6220
28707,NC,302
28708,NC,662
28709,NC,2214
28710,NC,85
28711,NC,14047
28712,NC,18928
28713,NC,8551
28714,NC,16397
28715,NC,27810
28716,NC,17710
28717,NC,1639
28718,NC,597
28719,NC,7980
28720,NC,125
28721,NC,10370
28722,NC,6223
28723,NC,12297
28724,NC,
28725,NC,102
28726,NC,3787
28727,NC,
28728,NC,
28729,NC,2923
28730,NC,9707
28731,NC,8806
28732,NC,19158
28733,NC,66
28734,NC,29284
28735,NC,322
28736,NC,1026
28738,NC,
28739,NC,21251
28740,NC,2273
28741,NC,3736
28742,NC,2981
28743,NC,1980
28744,NC,
28745,NC,697
28746,NC,2726
28747,NC,2114
28748,NC,13030
28749,NC,157
28750,NC,
28751,NC,3965
28752,NC,29669
28753,NC,11321
28754,NC,8074
28755,NC,21
28756,NC,4156
28757,NC,901
28758,NC,17
28759,NC,7728
28760,NC,
28761,NC,8317
28762,NC,6661
28763,NC,2842
28765,NC,
28766,NC,1440
28768,NC,6820
28770,NC,35
28771,NC,7581
28772,NC,1365
28773,NC,3204
28774,NC,1571
28775,NC,573
28776,NC,
28777,NC,10635
28778,NC,10328
28779,NC,16586
28781,NC,760
28782,NC,5889
28783,NC,1473
28784,NC,
28785,NC,8238
28786,NC,21204
28787,NC,21948
28788,NC,168
28789,NC,5804
28790,NC,3128
28791,NC,14899
28792,NC,35962
28793,NC,
28801,NC,15148
28802,NC,
28803,NC,34108
28804,NC,23964
28805,NC,18554
28806,NC,44621
28810,NC,
28813,NC,
28814,NC,
28815,NC,
28816,NC,
28901,NC,5212
28902,NC,1398
28903,NC,
28904,NC,9004
28905,NC,3277
28906,NC,19896
28909,NC,1060
32003,FL,29142
32004,FL,
32006,FL,
32007,FL,
32008,FL,5397
32009,FL,3213
32011,FL,15678
32013,FL,5
32024,FL,20106
32025,FL,21886
32033,FL,4789
32034,FL,38167
32035,FL,
32038,FL,10141
32040,FL,7958
32041,FL,
32042,FL,
32043,FL,30369
32044,FL,1629
32046,FL,9626
32050,FL,
32052,FL,8462
32053,FL,3815
32054,FL,12789
32055,FL,16624
32056,FL,
32058,FL,4386
32059,FL,2594
32060,FL,22111
32061,FL,364
32062,FL,2547
32063,FL,14360
32064,FL,7495
32065,FL,40164
32066,FL,6844
32067,FL,
32068,FL,57458
32071,FL,3854
32073,FL,43527
32079,FL,517
32080,FL,21889
32081,FL,24672
32082,FL,31861
32083,FL,2626
32084,FL,34526
32085,FL,
32086,FL,31452
32087,FL,5507
32091,FL,17806
32092,FL,43691
32094,FL,2862
32095,FL,16607
32096,FL,2791
32097,FL,23564
32099,FL,
32102,FL,2768
32105,FL,
32110,FL,8776
32111,FL,
32112,FL,7460
32113,FL,6396
32114,FL,34943
32115,FL,
32117,FL,28223
32118,FL,17906
32119,FL,22498
32120,FL,
32121,FL,
32122,FL,
32124,FL,8793
32125,FL,
32126,FL,
32127,FL,29999
32128,FL,20968
32129,FL,21594
32130,FL,5485
32131,FL,4806
32132,FL,8189
32133,FL,310
32134,FL,7938
32135,FL,
32136,FL,8432
32137,FL,46258
32138,FL,
32139,FL,1399
32140,FL,1822
32141,FL,17955
32143,FL,
32145,FL,5608
32147,FL,1219
32148,FL,10979
32158,FL,
32159,FL,30455
32160,FL,
32162,FL,51905
32163,FL,29064
32164,FL,49412
32168,FL,30058
32169,FL,10621
32170,FL,
32173,FL,
32174,FL,53097
32175,FL,
32176,FL,14410
32177,FL,25380
32178,FL,
32179,FL,9075
32180,FL,3834
32181,FL,2259
32182,FL,20
32183,FL,
32185,FL,
32187,FL,1667
32189,FL,5887
32190,FL,1115
32192,FL,94
32193,FL,983
32195,FL,3462
32198,FL,
32202,FL,6544
32203,FL,4
32204,FL,8673
32205,FL,29605
32206,FL,18283
32207,FL,36207
32208,FL,33286
32209,FL,36656
32210,FL,66415
32211,FL,34168
32212,FL,1393
32214,FL,0
32216,FL,42847
32217,FL,20543
32218,FL,67040
32219,FL,14474
32220,FL,13037
32221,FL,30961
32222,FL,13564
32223,FL,25600
32224,FL,42395
32225,FL,57441
32226,FL,20306
32227,FL,3799
32228,FL,219
32229,FL,
32233,FL,23980
32234,FL,7514
32235,FL,
32236,FL,
32238,FL,
32239,FL,
32240,FL,
32241,FL,
32244,FL,63292
32245,FL,
32246,FL,58105
32247,FL,
32250,FL,30080
32254,FL,14545
32255,FL,
32256,FL,53611
32257,FL,41439
32258,FL,37859
32259,FL,62169
32260,FL,
32266,FL,7217
32277,FL,33174
32301,FL,29686
32302,FL,
32303,FL,48644
32304,FL,50007
32305,FL,19199
32306,FL,1711
32307,FL,1207
32308,FL,23355
32309,FL,31189
32310,FL,17209
32311,FL,21218
32312,FL,34304
32313,FL,10
32314,FL,
32315,FL,
32316,FL,
32317,FL,14459
32318,FL,
32320,FL,3726
32321,FL,6254
32322,FL,4213
32324,FL,4554
32326,FL,
32327,FL,30048
32328,FL,3721
32330,FL,541
32331,FL,4192
32332,FL,1411
32333,FL,11499
32334,FL,1616
32336,FL,1408
32337,FL,30
32340,FL,10744
32343,FL,3621
32344,FL,12705
32345,FL,
32346,FL,1750
32347,FL,7805
32348,FL,11782
32350,FL,1365
32351,FL,16526
32352,FL,5674
32355,FL,284
32356,FL,117
32357,FL,
32358,FL,2185
32359,FL,1837
32360,FL,106
32361,FL,237
32362,FL,
32399,FL,0
32401,FL,20487
32402,FL,
32403,FL,141
32404,FL,38186
32405,FL,28158
32406,FL,
32407,FL,14366
32408,FL,17479
32409,FL,10394
32410,FL,439
32411,FL,
32413,FL,15217
32417,FL,
32420,FL,2289
32421,FL,4214
32422,FL,
32423,FL,1213
32424,FL,7145
32425,FL,14419
32426,FL,778
32427,FL,1293
32428,FL,17946
32430,FL,1095
32431,FL,4981
32432,FL,98
32433,FL,18036
32435,FL,6935
32437,FL,612
32438,FL,4363
32439,FL,12943
32440,FL,7581
32442,FL,3569
32443,FL,2975
32444,FL,19913
32445,FL,2468
32446,FL,9970
32447,FL,
32448,FL,8084
32449,FL,567
32455,FL,4425
32456,FL,7439
32459,FL,20567
32460,FL,5409
32461,FL,2878
32462,FL,3473
32463,FL,166
32464,FL,3858
32465,FL,7251
32466,FL,6195
32501,FL,10960
32502,FL,4277
32503,FL,33693
32504,FL,21791
32505,FL,28671
32506,FL,36017
32507,FL,31215
32508,FL,5528
32509,FL,561
32511,FL,1380
32512,FL,23
32513,FL,
32514,FL,40844
32516,FL,
32520,FL,
32522,FL,
32523,FL,
32524,FL,
32526,FL,43029
32530,FL,142
32531,FL,6532
32533,FL,30517
32534,FL,16006
32535,FL,6043
32536,FL,25807
32538,FL,
32539,FL,31749
32540,FL,
32541,FL,18419
32542,FL,3834
32544,FL,1509
32547,FL,35466
32548,FL,22399
32549,FL,
32550,FL,7828
32559,FL,
32560,FL,
32561,FL,9241
32562,FL,
32563,FL,27329
32564,FL,3159
32565,FL,6105
32566,FL,44434
32567,FL,4210
32568,FL,3093
32569,FL,12378
32570,FL,33144
32571,FL,38885
32572,FL,
32577,FL,5316
32578,FL,35075
32579,FL,10444
32580,FL,4120
32583,FL,31047
32588,FL,
32591,FL,
32601,FL,22039
32603,FL,7367
32604,FL,
32605,FL,24326
32606,FL,24380
32607,FL,35420
32608,FL,55540
32609,FL,18322
32610,FL,19
32611,FL,
32612,FL,6498
32614,FL,
32615,FL,16524
32616,FL,178
32617,FL,4295
32618,FL,7183
32619,FL,5007
32621,FL,5396
32622,FL,1456
32625,FL,1620
32626,FL,8620
32627,FL,
32628,FL,5343
32631,FL,311
32633,FL,
32634,FL,29
32635,FL,
32639,FL,325
32640,FL,10281
32641,FL,13872
32643,FL,12549
32644,FL,
32648,FL,443
32653,FL,14397
32654,FL,
32655,FL,
32656,FL,14686
32658,FL,299
32662,FL,
32663,FL,
32664,FL,504
32666,FL,5961
32667,FL,4117
32668,FL,5548
32669,FL,15890
32680,FL,10008
32681,FL,133
32683,FL,133
32686,FL,4339
32692,FL,197
32693,FL,12815
32694,FL,1962
32696,FL,12784
32697,FL,278
32701,FL,23265
32702,FL,3186
32703,FL,54805
32704,FL,
32706,FL,
32707,FL,37704
32708,FL,47045
32709,FL,2691
32710,FL,
32712,FL,50085
32713,FL,22438
32714,FL,38049
32715,FL,
32716,FL,
32718,FL,
32719,FL,
32720,FL,33568
32721,FL,
32723,FL,7
32724,FL,40559
32725,FL,50435
32726,FL,23012
32727,FL,
32728,FL,
32730,FL,5743
32732,FL,5596
32733,FL,
32735,FL,5812
32736,FL,11412
32738,FL,47284
32739,FL,
32744,FL,3789
32746,FL,45828
32747,FL,
32750,FL,25261
32751,FL,23230
32752,FL,
32753,FL,
32754,FL,11996
32756,FL,
32757,FL,30315
32759,FL,2951
32762,FL,
32763,FL,23391
32764,FL,3238
32765,FL,65228
32766,FL,16541
32767,FL,2939
32768,FL,15
32771,FL,57178
32772,FL,
32773,FL,33990
32774,FL,
32775,FL,36
32776,FL,12456
32777,FL,
32778,FL,23993
32779,FL,29321
32780,FL,39525
32781,FL,
32783,FL,
32784,FL,11212
32789,FL,26399
32790,FL,
32791,FL,
32792,FL,51376
32793,FL,
32794,FL,
32795,FL,
32796,FL,20818
32798,FL,2501
32799,FL,
32801,FL,17728
32802,FL,
32803,FL,21003
32804,FL,19084
32805,FL,23331
32806,FL,26582
32807,FL,34384
32808,FL,52551
32809,FL,29478
32810,FL,35925
32811,FL,42274
32812,FL,34586
32814,FL,9218
32815,FL,
32816,FL,8246
32817,FL,40376
32818,FL,48052
32819,FL,30857
32820,FL,10150
32821,FL,25999
32822,FL,64120
32824,FL,57412
32825,FL,61755
32826,FL,33065
32827,FL,19042
32828,FL,68428
32829,FL,20629
32830,FL,55
32831,FL,2619
32832,FL,34882
32833,FL,10542
32835,FL,45380
32836,FL,23205
32837,FL,56813
32839,FL,58641
32853,FL,
32854,FL,
32855,FL,
32856,FL,
32857,FL,
32858,FL,
32859,FL,
32860,FL,
32861,FL,
32862,FL,
32867,FL,
32868,FL,
32869,FL,
32872,FL,
32877,FL,
32878,FL,
32899,FL,0
32901,FL,26286
32902,FL,
32903,FL,13880
32904,FL,35399
32905,FL,26064
32906,FL,
32907,FL,44432
32908,FL,14420
32909,FL,36789
32910,FL,
32911,FL,
32912,FL,
32920,FL,9984
32922,FL,15923
32923,FL,
32924,FL,
32925,FL,1308
32926,FL,22693
32927,FL,27996
32931,FL,13643
32932,FL,
32934,FL,18355
32935,FL,41837
32936,FL,
32937,FL,27306
32940,FL,44869
32941,FL,
32948,FL,6609
32949,FL,2538
32950,FL,4545
32951,FL,11525
32952,FL,20670
32953,FL,24430
32954,FL,
32955,FL,40275
32956,FL,
32957,FL,
32958,FL,28619
32959,FL,32
32960,FL,21522
32961,FL,
32962,FL,26011
32963,FL,16291
32964,FL,
32965,FL,
32966,FL,19724
32967,FL,25785
32968,FL,15006
32969,FL,
32970,FL,253
32971,FL,
32976,FL,9618
32978,FL,
33001,FL,411
33002,FL,
33004,FL,16162
33008,FL,
33009,FL,43301
33010,FL,43902
33011,FL,
33012,FL,70260
33013,FL,31068
33014,FL,40261
33015,FL,65645
33016,FL,45714
33017,FL,
33018,FL,54273
33019,FL,15497
33020,FL,45044
33021,FL,50091
33022,FL,18
33023,FL,66749
33024,FL,74843
33025,FL,75455
33026,FL,30510
33027,FL,63726
33028,FL,28140
33029,FL,46202
33030,FL,36776
33031,FL,6560
33032,FL,58727
33033,FL,66871
33034,FL,22850
33035,FL,18065
33036,FL,3541
33037,FL,13875
33039,FL,0
33040,FL,35958
33041,FL,
33042,FL,6841
33043,FL,4661
33045,FL,
33050,FL,10479
33051,FL,790
33052,FL,
33054,FL,30352
33055,FL,42950
33056,FL,36556
33060,FL,35793
33061,FL,
33062,FL,25293
33063,FL,56296
33064,FL,62429
33065,FL,59668
33066,FL,16845
33067,FL,27564
33068,FL,53137
33069,FL,28817
33070,FL,6220
33071,FL,40026
33073,FL,32853
33074,FL,
33075,FL,
33076,FL,41826
33077,FL,
33081,FL,
33082,FL,
33083,FL,
33084,FL,
33090,FL,
33092,FL,
33093,FL,
33097,FL,
33101,FL,7
33106,FL,
33109,FL,684
33112,FL,
33114,FL,
33116,FL,
33119,FL,
33122,FL,2126
33124,FL,
33125,FL,53507
33126,FL,48751
33127,FL,27692
33128,FL,8213
33129,FL,15218
33130,FL,35609
33131,FL,26213
33132,FL,18159
33133,FL,34141
33134,FL,38739
33135,FL,36232
33136,FL,15439
33137,FL,25763
33138,FL,27601
33139,FL,36286
33140,FL,19315
33141,FL,35995
33142,FL,55425
33143,FL,34853
33144,FL,25814
33145,FL,29737
33146,FL,16468
33147,FL,48823
33149,FL,14847
33150,FL,28703
33152,FL,
33153,FL,
33154,FL,14792
33155,FL,43695
33156,FL,34036
33157,FL,68069
33158,FL,6674
33160,FL,44085
33161,FL,53015
33162,FL,45277
33163,FL,
33164,FL,
33165,FL,54070
33166,FL,26106
33167,FL,19142
33168,FL,24715
33169,FL,42308
33170,FL,14908
33172,FL,43911
33173,FL,33648
33174,FL,32962
33175,FL,52950
33176,FL,52370
33177,FL,56331
33178,FL,65487
33179,FL,48088
33180,FL,35062
33181,FL,20955
33182,FL,13310
33183,FL,35891
33184,FL,20913
33185,FL,28819
33186,FL,69866
33187,FL,19233
33189,FL,25598
33190,FL,15092
33191,FL,
33192,FL,
33193,FL,47619
33194,FL,8817
33195,FL,
33196,FL,52786
33197,FL,
33198,FL,
33199,FL,
33206,FL,
33222,FL,
33231,FL,
33233,FL,
33234,FL,
33238,FL,
33239,FL,
33242,FL,
33243,FL,
33245,FL,
33247,FL,
33255,FL,
33256,FL,
33257,FL,
33261,FL,
33265,FL,
33266,FL,
33269,FL,
33280,FL,
33283,FL,
33296,FL,
33301,FL,19109
33302,FL,
33303,FL,
33304,FL,19978
33305,FL,12044
33306,FL,3526
33307,FL,
33308,FL,29519
33309,FL,37642
33310,FL,
33311,FL,69413
33312,FL,51570
33313,FL,63284
33314,FL,30248
33315,FL,13555
33316,FL,12669
33317,FL,37590
33318,FL,
33319,FL,51891
33320,FL,
33321,FL,51011
33322,FL,41050
33323,FL,23149
33324,FL,46766
33325,FL,31556
33326,FL,33978
33327,FL,22174
33328,FL,28997
33329,FL,
33330,FL,14738
33331,FL,23016
33332,FL,10915
33334,FL,30138
33335,FL,
33338,FL,
33339,FL,
33345,FL,
33346,FL,
33348,FL,
33351,FL,36913
33355,FL,
33359,FL,
33388,FL,0
33394,FL,
33401,FL,31302
33402,FL,
33403,FL,13779
33404,FL,31869
33405,FL,19369
33406,FL,27663
33407,FL,34558
33408,FL,18965
33409,FL,33061
33410,FL,35946
33411,FL,74206
33412,FL,15872
33413,FL,17503
33414,FL,59802
33415,FL,51251
33416,FL,
33417,FL,34153
33418,FL,43383
33419,FL,
33420,FL,
33421,FL,
33422,FL,
33424,FL,
33425,FL,
33426,FL,25155
33427,FL,
33428,FL,42828
33429,FL,
33430,FL,20327
33431,FL,22047
33432,FL,22061
33433,FL,46302
33434,FL,21003
33435,FL,37318
33436,FL,45230
33437,FL,36889
33438,FL,527
33440,FL,19402
33441,FL,29311
33442,FL,32340
33443,FL,
33444,FL,22671
33445,FL,32265
33446,FL,30051
33448,FL,
33449,FL,9920
33454,FL,
33455,FL,20799
33458,FL,55083
33459,FL,
33460,FL,36409
33461,FL,47161
33462,FL,33982
33463,FL,64608
33464,FL,
33465,FL,
33466,FL,
33467,FL,55813
33468,FL,
33469,FL,15101
33470,FL,30308
33471,FL,6410
33472,FL,18893
33473,FL,11057
33474,FL,
33475,FL,
33476,FL,7608
33477,FL,12683
33478,FL,14740
33480,FL,10716
33481,FL,
33482,FL,
33483,FL,13103
33484,FL,26340
33486,FL,22947
33487,FL,20644
33488,FL,
33493,FL,5129
33496,FL,23805
33497,FL,
33498,FL,15002
33499,FL,
33503,FL,131
33508,FL,
33509,FL,
33510,FL,30049
33511,FL,56627
33513,FL,12204
33514,FL,1783
33521,FL,578
33523,FL,18540
33524,FL,
33525,FL,18620
33526,FL,
33527,FL,16259
33530,FL,56
33534,FL,17952
33537,FL,
33538,FL,5096
33539,FL,
33540,FL,9603
33541,FL,22692
33542,FL,22649
33543,FL,34953
33544,FL,27309
33545,FL,21209
33547,FL,30935
33548,FL,7708
33549,FL,17816
33550,FL,14
33556,FL,30547
33558,FL,27324
33559,FL,16675
33563,FL,27344
33564,FL,
33565,FL,17584
33566,FL,22759
33567,FL,12345
33568,FL,
33569,FL,28065
33570,FL,33348
33571,FL,
33572,FL,22395
33573,FL,30913
33574,FL,2261
33575,FL,
33576,FL,4879
33578,FL,58854
33579,FL,44617
33583,FL,
33584,FL,27503
33585,FL,1218
33586,FL,
33587,FL,
33592,FL,11885
33593,FL,
33594,FL,35299
33595,FL,
33596,FL,28140
33597,FL,8028
33598,FL,24572
33601,FL,
33602,FL,19936
33603,FL,19070
33604,FL,39071
33605,FL,18243
33606,FL,22271
33607,FL,24767
33609,FL,17902
33610,FL,45218
33611,FL,34101
33612,FL,49452
33613,FL,38801
33614,FL,47695
33615,FL,47434
33616,FL,14802
33617,FL,48267
33618,FL,26474
33619,FL,39881
33620,FL,5535
33621,FL,1878
33622,FL,
33623,FL,
33624,FL,38929
33625,FL,28704
33626,FL,31875
33629,FL,26394
33630,FL,
33634,FL,21465
33635,FL,18780
33637,FL,18070
33646,FL,
33647,FL,69457
33672,FL,
33673,FL,
33674,FL,
33675,FL,
33677,FL,
33679,FL,
33680,FL,
33681,FL,
33682,FL,
33684,FL,
33685,FL,
33687,FL,
33688,FL,
33689,FL,
33694,FL,
33701,FL,19137
33702,FL,29996
33703,FL,23948
33704,FL,16031
33705,FL,27915
33706,FL,15309
33707,FL,24646
33708,FL,16034
33709,FL,27026
33710,FL,33172
33711,FL,20121
33712,FL,26395
33713,FL,31321
33714,FL,19905
33715,FL,7876
33716,FL,18023
33729,FL,
33730,FL,
33731,FL,
33732,FL,
33733,FL,
33734,FL,
33736,FL,
33738,FL,
33741,FL,
33742,FL,
33743,FL,
33744,FL,55
33747,FL,
33755,FL,28360
33756,FL,31807
33757,FL,
33758,FL,
33759,FL,18316
33760,FL,19565
33761,FL,18761
33762,FL,5572
33763,FL,18981
33764,FL,27547
33765,FL,13844
33766,FL,
33767,FL,8462
33770,FL,25475
33771,FL,29766
33772,FL,24121
33773,FL,17494
33774,FL,18145
33775,FL,
33776,FL,12922
33777,FL,17793
33778,FL,15068
33779,FL,
33780,FL,
33781,FL,27349
33782,FL,22198
33784,FL,
33785,FL,4863
33786,FL,1706
33801,FL,36798
33802,FL,
33803,FL,29082
33804,FL,
33805,FL,26954
33806,FL,
33807,FL,
33809,FL,30629
33810,FL,52037
33811,FL,24249
33812,FL,14907
33813,FL,36448
33815,FL,15681
33820,FL,
33823,FL,33733
33825,FL,24943
33826,FL,
33827,FL,3093
33830,FL,29926
33831,FL,
33834,FL,6584
33835,FL,69
33836,FL,
33837,FL,36302
33838,FL,5243
33839,FL,3827
33840,FL,242
33841,FL,7439
33843,FL,11864
33844,FL,43329
33845,FL,
33846,FL,
33847,FL,299
33848,FL,1085
33849,FL,711
33850,FL,9119
33851,FL,991
33852,FL,21635
33853,FL,12404
33854,FL,520
33855,FL,92
33856,FL,488
33857,FL,1378
33858,FL,95
33859,FL,10866
33860,FL,24932
33862,FL,
33863,FL,
33865,FL,801
33867,FL,126
33868,FL,12906
33870,FL,24238
33871,FL,
33872,FL,13167
33873,FL,13455
33875,FL,11004
33876,FL,5239
33877,FL,590
33880,FL,42005
33881,FL,38369
33882,FL,
33883,FL,
33884,FL,34772
33885,FL,
33890,FL,4718
33896,FL,19444
33897,FL,25352
33898,FL,17971
33901,FL,22629
33902,FL,
33903,FL,23294
33904,FL,32029
33905,FL,37692
33906,FL,
33907,FL,24980
33908,FL,43110
33909,FL,33063
33910,FL,
33912,FL,19146
33913,FL,28216
33914,FL,42222
33915,FL,
33916,FL,25940
33917,FL,30702
33918,FL,
33919,FL,30587
33920,FL,6797
33921,FL,1283
33922,FL,4326
33924,FL,403
33928,FL,28955
33929,FL,
33930,FL,799
33931,FL,9389
33932,FL,
33935,FL,22718
33936,FL,24051
33938,FL,
33944,FL,208
33945,FL,
33946,FL,2485
33947,FL,10462
33948,FL,17190
33949,FL,
33950,FL,24984
33951,FL,
33952,FL,32084
33953,FL,6882
33954,FL,11040
33955,FL,10071
33956,FL,3861
33957,FL,6382
33960,FL,839
33965,FL,3659
33966,FL,11245
33967,FL,28174
33970,FL,
33971,FL,26333
33972,FL,14727
33973,FL,12728
33974,FL,17233
33975,FL,
33976,FL,17017
33980,FL,11762
33981,FL,13574
33982,FL,12404
33983,FL,16124
33990,FL,32717
33991,FL,26381
33993,FL,29848
33994,FL,
34101,FL,13
34102,FL,10496
34103,FL,11822
34104,FL,25485
34105,FL,16491
34106,FL,
34107,FL,
34108,FL,16142
34109,FL,26102
34110,FL,24093
34112,FL,26625
34113,FL,23740
34114,FL,21343
34116,FL,31538
34117,FL,16408
34119,FL,34933
34120,FL,41026
34133,FL,
34134,FL,15906
34135,FL,45518
34136,FL,
34138,FL,346
34139,FL,471
34140,FL,355
34141,FL,131
34142,FL,31327
34145,FL,15717
34146,FL,
34201,FL,4156
34202,FL,26797
34203,FL,39853
34204,FL,
34205,FL,33789
34206,FL,
34207,FL,35281
34208,FL,38522
34209,FL,32940
34210,FL,16447
34211,FL,16845
34212,FL,24266
34215,FL,793
34216,FL,1061
34217,FL,3825
34219,FL,27212
34220,FL,
34221,FL,48082
34222,FL,14097
34223,FL,19118
34224,FL,16379
34228,FL,7505
34229,FL,7780
34230,FL,
34231,FL,31492
34232,FL,34671
34233,FL,18723
34234,FL,20858
34235,FL,14536
34236,FL,14083
34237,FL,16740
34238,FL,22050
34239,FL,15049
34240,FL,14428
34241,FL,14589
34242,FL,7417
34243,FL,30107
34249,FL,
34250,FL,481
34251,FL,7061
34260,FL,
34264,FL,
34266,FL,28827
34267,FL,44
34268,FL,223
34269,FL,4917
34270,FL,
34272,FL,
34274,FL,
34275,FL,20570
34276,FL,
34277,FL,
34280,FL,
34282,FL,
34284,FL,
34285,FL,18971
34286,FL,22000
34287,FL,26277
34288,FL,14010
34289,FL,3359
34290,FL,
34291,FL,8332
34292,FL,17141
34293,FL,44935
34295,FL,
34420,FL,17969
34421,FL,
34423,FL,
34428,FL,9583
34429,FL,8837
34430,FL,
34431,FL,8589
34432,FL,13159
34433,FL,7719
34434,FL,9582
34436,FL,7901
34441,FL,
34442,FL,16759
34445,FL,55
34446,FL,18431
34447,FL,
34448,FL,10889
34449,FL,3421
34450,FL,10788
34451,FL,
34452,FL,12405
34453,FL,10964
34460,FL,
34461,FL,11388
34464,FL,
34465,FL,17960
34470,FL,20483
34471,FL,27632
34472,FL,31701
34473,FL,21548
34474,FL,17781
34475,FL,14780
34476,FL,26522
34477,FL,
34478,FL,
34479,FL,14127
34480,FL,21709
34481,FL,23097
34482,FL,23565
34483,FL,
34484,FL,6050
34487,FL,8
34488,FL,11392
34489,FL,
34491,FL,31545
34492,FL,
34498,FL,588
34601,FL,23001
34602,FL,8735
34603,FL,
34604,FL,12800
34605,FL,
34606,FL,28548
34607,FL,8544
34608,FL,34363
34609,FL,43997
34610,FL,15400
34611,FL,
34613,FL,18869
34614,FL,9221
34636,FL,
34637,FL,9763
34638,FL,31746
34639,FL,28165
34652,FL,26697
34653,FL,33381
34654,FL,23508
34655,FL,45628
34656,FL,
34660,FL,
34661,FL,260
34667,FL,34910
34668,FL,48781
34669,FL,15089
34673,FL,
34674,FL,
34677,FL,22524
34679,FL,273
34680,FL,
34681,FL,1884
34682,FL,
34683,FL,33453
34684,FL,27078
34685,FL,17680
34688,FL,8090
34689,FL,27436
34690,FL,14115
34691,FL,23688
34692,FL,
34695,FL,17927
34697,FL,
34698,FL,38010
34705,FL,2670
34711,FL,67980
34712,FL,
34713,FL,
34714,FL,25737
34715,FL,22763
34729,FL,148
34731,FL,12111
34734,FL,4166
34736,FL,24679
34737,FL,3406
34739,FL,833
34740,FL,
34741,FL,56454
34742,FL,
34743,FL,38454
34744,FL,59232
34745,FL,
34746,FL,56344
34747,FL,26560
34748,FL,45481
34749,FL,
34753,FL,6657
34755,FL,
34756,FL,3985
34758,FL,43282
34759,FL,42067
34760,FL,986
34761,FL,48193
34762,FL,567
34769,FL,27594
34770,FL,
34771,FL,26503
34772,FL,33499
34773,FL,5186
34777,FL,
34778,FL,
34785,FL,18677
34786,FL,46553
34787,FL,88636
34788,FL,19409
34789,FL,
34797,FL,1388
34945,FL,5831
34946,FL,6793
34947,FL,13933
34948,FL,
34949,FL,8027
34950,FL,16582
34951,FL,15357
34952,FL,42630
34953,FL,77023
34954,FL,
34956,FL,10322
34957,FL,22955
34958,FL,
34972,FL,19514
34973,FL,
34974,FL,23699
34979,FL,
34981,FL,4494
34982,FL,27067
34983,FL,43654
34984,FL,16721
34985,FL,
34986,FL,30027
34987,FL,14430
34988,FL,
34990,FL,31160
34991,FL,
34992,FL,
34994,FL,17843
34995,FL,
34996,FL,11042
34997,FL,44000
73301,TX,
73960,TX,35
75001,TX,16528
75002,TX,69939
75006,TX,47811
75007,TX,53960
75009,TX,21276
75010,TX,33186
75011,TX,
75013,TX,48360
75014,TX,
75015,TX,
75016,TX,
75017,TX,
75019,TX,44897
75020,TX,23782
75021,TX,8288
75022,TX,26781
75023,TX,46777
75024,TX,45469
75025,TX,53161
75026,TX,
75027,TX,
75028,TX,46830
75029,TX,
75030,TX,
75032,TX,34590
75033,TX,45347
75034,TX,47734
75035,TX,82596
75036,TX,35148
75038,TX,32928
75039,TX,24569
75040,TX,64035
75041,TX,32219
75042,TX,39148
75043,TX,63973
75044,TX,46094
75045,TX,
75046,TX,
75047,TX,
75048,TX,27818
75049,TX,
75050,TX,43531
75051,TX,40243
75052,TX,96225
75053,TX,
75054,TX,15646
75056,TX,67570
75057,TX,16001
75058,TX,3799
75059,TX,
75060,TX,47955
75061,TX,55828
75062,TX,50466
75063,TX,46598
75065,TX,12770
75067,TX,68734
75068,TX,66248
75069,TX,39084
75070,TX,57712
75071,TX,64449
75072,TX,55538
75074,TX,53003
75075,TX,36600
75076,TX,8057
75077,TX,38073
75078,TX,38980
75080,TX,53633
75081,TX,37766
75082,TX,28063
75083,TX,
75085,TX,
75086,TX,
75087,TX,40460
75088,TX,26899
75089,TX,34608
75090,TX,25002
75091,TX,
75092,TX,27186
75093,TX,48081
75094,TX,23864
75097,TX,
75098,TX,67212
75099,TX,
75101,TX,633
75102,TX,1501
75103,TX,15162
75104,TX,49749
75105,TX,307
75106,TX,
75109,TX,4766
75110,TX,30336
75114,TX,6347
75115,TX,56164
75116,TX,20656
75117,TX,4170
75118,TX,
75119,TX,28973
75121,TX,
75123,TX,
75124,TX,5093
75125,TX,7545
75126,TX,64573
75127,TX,1644
75132,TX,135
75134,TX,20194
75135,TX,8065
75137,TX,20023
75138,TX,
75140,TX,7538
75141,TX,5173
75142,TX,21952
75143,TX,15349
75144,TX,3462
75146,TX,23837
75147,TX,7781
75148,TX,5796
75149,TX,60317
75150,TX,64654
75151,TX,
75152,TX,5820
75153,TX,536
75154,TX,45894
75155,TX,3485
75156,TX,15708
75157,TX,258
75158,TX,5214
75159,TX,22127
75160,TX,26632
75161,TX,7552
75163,TX,2317
75164,TX,335
75165,TX,49805
75166,TX,5457
75167,TX,12455
75168,TX,
75169,TX,17017
75172,TX,5519
75173,TX,7733
75180,TX,26860
75181,TX,27027
75182,TX,7806
75185,TX,
75187,TX,
75189,TX,37777
75201,TX,17740
75202,TX,2529
75203,TX,14710
75204,TX,34012
75205,TX,26299
75206,TX,40386
75207,TX,7116
75208,TX,29446
75209,TX,14740
75210,TX,8736
75211,TX,70695
75212,TX,27329
75214,TX,35664
75215,TX,18806
75216,TX,55759
75217,TX,85330
75218,TX,23136
75219,TX,27885
75220,TX,39627
75221,TX,
75222,TX,
75223,TX,13898
75224,TX,33766
75225,TX,22635
75226,TX,4535
75227,TX,59103
75228,TX,68219
75229,TX,33168
75230,TX,27810
75231,TX,40754
75232,TX,30061
75233,TX,15104
75234,TX,33216
75235,TX,19153
75236,TX,18385
75237,TX,19057
75238,TX,32801
75240,TX,25839
75241,TX,32944
75242,TX,
75243,TX,62273
75244,TX,12576
75246,TX,2458
75247,TX,830
75248,TX,38210
75249,TX,15291
75250,TX,
75251,TX,3840
75252,TX,27458
75253,TX,25867
75254,TX,24664
75260,TX,
75261,TX,1
75270,TX,0
75287,TX,53181
75313,TX,
75315,TX,
75336,TX,
75339,TX,
75342,TX,
75354,TX,
75355,TX,
75356,TX,
75357,TX,
75360,TX,
75367,TX,
75370,TX,
75371,TX,
75372,TX,
75374,TX,
75376,TX,
75378,TX,
75379,TX,
75380,TX,
75381,TX,
75382,TX,
75390,TX,0
75398,TX,
75401,TX,19550
75402,TX,18983
75403,TX,
75404,TX,
75407,TX,25738
75409,TX,21292
75410,TX,5073
75411,TX,1279
75412,TX,604
75413,TX,179
75414,TX,3507
75415,TX,212
75416,TX,2848
75417,TX,2361
75418,TX,14775
75420,TX,1206
75421,TX,988
75422,TX,2902
75423,TX,3089
75424,TX,4517
75425,TX,
75426,TX,4717
75428,TX,11192
75431,TX,2101
75432,TX,3361
75433,TX,2815
75434,TX,81
75435,TX,994
75436,TX,2130
75437,TX,1199
75438,TX,963
75439,TX,923
75440,TX,6894
75441,TX,113
75442,TX,11241
75443,TX,
75444,TX,
75446,TX,3355
75447,TX,1161
75448,TX,679
75449,TX,1116
75450,TX,293
75451,TX,1256
75452,TX,4802
75453,TX,3737
75454,TX,16252
75455,TX,27305
75456,TX,
75457,TX,5991
75458,TX,
75459,TX,5556
75460,TX,22925
75461,TX,
75462,TX,12016
75468,TX,928
75469,TX,394
75470,TX,229
75471,TX,1243
75472,TX,3849
75473,TX,3660
75474,TX,16010
75475,TX,150
75476,TX,1214
75477,TX,854
75478,TX,1006
75479,TX,1861
75480,TX,1582
75481,TX,389
75482,TX,25743
75483,TX,
75485,TX,
75486,TX,2698
75487,TX,1511
75488,TX,1144
75489,TX,1028
75490,TX,2809
75491,TX,5148
75492,TX,562
75493,TX,497
75494,TX,11827
75495,TX,9061
75496,TX,3438
75497,TX,3679
75501,TX,36423
75503,TX,25547
75504,TX,
75505,TX,
75550,TX,602
75551,TX,10372
75554,TX,1530
75555,TX,1719
75556,TX,1131
75558,TX,1518
75559,TX,5472
75560,TX,920
75561,TX,4875
75562,TX,116
75563,TX,3794
75564,TX,9
75565,TX,106
75566,TX,676
75567,TX,3770
75568,TX,2939
75569,TX,3338
75570,TX,11315
75571,TX,2607
75572,TX,3387
75573,TX,275
75574,TX,1695
75599,TX,
75601,TX,15813
75602,TX,22041
75603,TX,5784
75604,TX,30752
75605,TX,32909
75606,TX,
75607,TX,
75608,TX,
75615,TX,
75630,TX,2650
75631,TX,2461
75633,TX,13558
75636,TX,
75637,TX,
75638,TX,5434
75639,TX,2716
75640,TX,5438
75641,TX,139
75642,TX,194
75643,TX,2046
75644,TX,11720
75645,TX,10724
75647,TX,13485
75650,TX,10139
75651,TX,2075
75652,TX,15956
75654,TX,12045
75656,TX,4558
75657,TX,7923
75658,TX,210
75659,TX,59
75660,TX,
75661,TX,2381
75662,TX,25002
75663,TX,
75666,TX,
75667,TX,1227
75668,TX,1672
75669,TX,589
75670,TX,16935
75671,TX,0
75672,TX,17285
75680,TX,14
75681,TX,2674
75682,TX,563
75683,TX,3773
75684,TX,6744
75685,TX,
75686,TX,13293
75687,TX,7
75688,TX,
75689,TX,212
75691,TX,4025
75692,TX,5098
75693,TX,6512
75694,TX,0
75701,TX,34502
75702,TX,26777
75703,TX,44428
75704,TX,10075
75705,TX,2141
75706,TX,10313
75707,TX,16620
75708,TX,8294
75709,TX,6037
75710,TX,
75711,TX,135
75712,TX,
75713,TX,
75750,TX,3777
75751,TX,17100
75752,TX,7439
75754,TX,6632
75755,TX,5250
75756,TX,4458
75757,TX,13330
75758,TX,9890
75759,TX,122
75760,TX,2583
75762,TX,13923
75763,TX,5663
75764,TX,178
75765,TX,7728
75766,TX,25382
75770,TX,2893
75771,TX,21870
75772,TX,
75773,TX,13559
75778,TX,3467
75779,TX,80
75780,TX,481
75782,TX,85
75783,TX,7763
75784,TX,542
75785,TX,10687
75788,TX,99
75789,TX,8045
75790,TX,4359
75791,TX,14255
75792,TX,3595
75798,TX,
75799,TX,
75801,TX,16859
75802,TX,
75803,TX,22290
75831,TX,4865
75832,TX,
75833,TX,3259
75834,TX,
75835,TX,11342
75838,TX,525
75839,TX,5282
75840,TX,7029
75844,TX,5144
75845,TX,2784
75846,TX,2327
75847,TX,1547
75848,TX,88
75849,TX,95
75850,TX,596
75851,TX,4869
75852,TX,3621
75853,TX,970
75855,TX,2242
75856,TX,195
75858,TX,100
75859,TX,2212
75860,TX,6623
75861,TX,1410
75862,TX,9364
75865,TX,22
75880,TX,
75882,TX,
75884,TX,4156
75886,TX,2959
75901,TX,28373
75902,TX,
75903,TX,133
75904,TX,34680
75915,TX,
75925,TX,3635
75926,TX,1066
75928,TX,1181
75929,TX,1415
75930,TX,1954
75931,TX,2446
75932,TX,1331
75933,TX,1290
75934,TX,71
75935,TX,13060
75936,TX,848
75937,TX,1081
75938,TX,2432
75939,TX,3716
75941,TX,8622
75942,TX,125
75943,TX,1300
75944,TX,1138
75946,TX,3452
75948,TX,5582
75949,TX,8052
75951,TX,14370
75954,TX,3233
75956,TX,7435
75958,TX,
75959,TX,821
75960,TX,816
75961,TX,15656
75963,TX,
75964,TX,19986
75965,TX,17652
75966,TX,4209
75968,TX,1819
75969,TX,4301
75972,TX,5899
75973,TX,2290
75974,TX,2860
75975,TX,3373
75976,TX,1047
75977,TX,570
75978,TX,
75979,TX,10354
75980,TX,2453
75990,TX,
76001,TX,34102
76002,TX,35021
76003,TX,
76004,TX,
76005,TX,4412
76006,TX,25320
76007,TX,
76008,TX,21844
76009,TX,23376
76010,TX,55894
76011,TX,23158
76012,TX,27080
76013,TX,36535
76014,TX,35954
76015,TX,17185
76016,TX,31091
76017,TX,45745
76018,TX,27784
76019,TX,
76020,TX,33469
76021,TX,35265
76022,TX,14692
76023,TX,6825
76028,TX,74023
76031,TX,18398
76033,TX,27243
76034,TX,25988
76035,TX,2649
76036,TX,31589
76039,TX,39997
76040,TX,31899
76041,TX,395
76043,TX,7060
76044,TX,5715
76048,TX,25764
76049,TX,30784
76050,TX,7315
76051,TX,49969
76052,TX,26675
76053,TX,31935
76054,TX,12120
76055,TX,3076
76058,TX,20940
76059,TX,4928
76060,TX,8653
76061,TX,192
76063,TX,76914
76064,TX,1929
76065,TX,42827
76066,TX,3816
76067,TX,20473
76070,TX,601
76071,TX,4220
76073,TX,6579
76077,TX,555
76078,TX,9979
76082,TX,21514
76084,TX,11979
76085,TX,12249
76086,TX,21429
76087,TX,33346
76088,TX,13794
76092,TX,31924
76093,TX,2271
76094,TX,
76095,TX,
76096,TX,
76097,TX,
76098,TX,
76099,TX,
76101,TX,
76102,TX,13236
76103,TX,15394
76104,TX,21571
76105,TX,23445
76106,TX,36521
76107,TX,31591
76108,TX,46170
76109,TX,25373
76110,TX,29858
76111,TX,22512
76112,TX,43132
76113,TX,
76114,TX,26676
76115,TX,20956
76116,TX,51639
76117,TX,33398
76118,TX,16537
76119,TX,50850
76120,TX,19240
76121,TX,
76122,TX,
76123,TX,37981
76124,TX,
76126,TX,25444
76127,TX,2214
76129,TX,2579
76130,TX,
76131,TX,48515
76132,TX,26249
76133,TX,51811
76134,TX,27362
76135,TX,22009
76136,TX,
76137,TX,60555
76140,TX,32623
76147,TX,
76148,TX,23587
76155,TX,5647
76161,TX,
76162,TX,
76163,TX,
76164,TX,15602
76177,TX,23001
76179,TX,68333
76180,TX,37087
76182,TX,31117
76185,TX,
76190,TX,
76191,TX,
76192,TX,
76193,TX,
76195,TX,
76196,TX,
76197,TX,
76199,TX,
76201,TX,27610
76202,TX,
76203,TX,224
76204,TX,
76205,TX,18969
76206,TX,
76207,TX,16097
76208,TX,27084
76209,TX,28088
76210,TX,46211
76225,TX,3789
76226,TX,37214
76227,TX,47118
76228,TX,1001
76230,TX,9992
76233,TX,3719
76234,TX,18755
76238,TX,447
76239,TX,1022
76240,TX,28349
76241,TX,5
76244,TX,77154
76245,TX,1954
76246,TX,
76247,TX,17178
76248,TX,40894
76249,TX,9411
76250,TX,945
76251,TX,719
76252,TX,2851
76253,TX,191
76255,TX,5448
76258,TX,7409
76259,TX,6321
76261,TX,242
76262,TX,42592
76263,TX,48
76264,TX,1497
76265,TX,1585
76266,TX,16779
76267,TX,147
76268,TX,220
76270,TX,2217
76271,TX,1879
76272,TX,5494
76273,TX,9857
76301,TX,15320
76302,TX,12400
76305,TX,5151
76306,TX,14664
76307,TX,
76308,TX,20305
76309,TX,13053
76310,TX,20204
76311,TX,6349
76351,TX,1817
76352,TX,
76354,TX,11496
76357,TX,685
76360,TX,2886
76363,TX,231
76364,TX,181
76365,TX,4775
76366,TX,2023
76367,TX,13457
76369,TX,
76370,TX,238
76371,TX,1513
76372,TX,869
76373,TX,161
76374,TX,3883
76377,TX,592
76379,TX,519
76380,TX,3522
76384,TX,12374
76388,TX,200
76389,TX,1213
76401,TX,30144
76402,TX,980
76424,TX,8417
76426,TX,11727
76427,TX,643
76429,TX,207
76430,TX,2317
76431,TX,3517
76432,TX,1261
76433,TX,1998
76435,TX,691
76436,TX,272
76437,TX,5770
76439,TX,28
76442,TX,7573
76443,TX,1685
76444,TX,3676
76445,TX,323
76446,TX,8534
76448,TX,5417
76449,TX,2542
76450,TX,13026
76452,TX,111
76453,TX,1177
76454,TX,1492
76455,TX,804
76457,TX,3770
76458,TX,6042
76459,TX,184
76460,TX,394
76461,TX,
76462,TX,3820
76463,TX,499
76464,TX,505
76465,TX,
76466,TX,156
76467,TX,
76468,TX,
76469,TX,88
76470,TX,3072
76471,TX,1712
76472,TX,1432
76474,TX,237
76475,TX,877
76476,TX,3056
76481,TX,196
76483,TX,963
76484,TX,1020
76485,TX,
76486,TX,1273
76487,TX,3238
76490,TX,99
76491,TX,387
76501,TX,16987
76502,TX,47297
76503,TX,
76504,TX,24682
76508,TX,
76511,TX,2451
76513,TX,43698
76518,TX,1220
76519,TX,560
76520,TX,8068
76522,TX,41123
76523,TX,181
76524,TX,2700
76525,TX,1021
76526,TX,
76527,TX,4688
76528,TX,18773
76530,TX,2654
76531,TX,4695
76533,TX,
76534,TX,2659
76537,TX,10943
76538,TX,952
76539,TX,8960
76540,TX,
76541,TX,19641
76542,TX,53312
76543,TX,30545
76544,TX,28404
76547,TX,
76548,TX,32714
76549,TX,56199
76550,TX,12840
76554,TX,2139
76556,TX,1503
76557,TX,5318
76558,TX,
76559,TX,6354
76561,TX,1062
76564,TX,
76565,TX,73
76566,TX,355
76567,TX,9163
76569,TX,2661
76570,TX,2376
76571,TX,8937
76573,TX,26
76574,TX,19366
76577,TX,3262
76578,TX,1817
76579,TX,5120
76596,TX,1159
76597,TX,3233
76598,TX,440
76599,TX,1367
76621,TX,996
76622,TX,1148
76623,TX,208
76624,TX,2487
76626,TX,1662
76627,TX,1687
76628,TX,87
76629,TX,1980
76630,TX,1878
76631,TX,394
76632,TX,1544
76633,TX,5665
76634,TX,7313
76635,TX,1138
76636,TX,1502
76637,TX,485
76638,TX,3130
76639,TX,1621
76640,TX,3063
76641,TX,1761
76642,TX,6641
76643,TX,16044
76645,TX,11274
76648,TX,2520
76649,TX,762
76650,TX,46
76651,TX,3373
76652,TX,1078
76653,TX,1145
76654,TX,132
76655,TX,10227
76656,TX,2229
76657,TX,11444
76660,TX,484
76661,TX,7982
76664,TX,3269
76665,TX,2390
76666,TX,305
76667,TX,10801
76670,TX,1512
76671,TX,1988
76673,TX,1176
76676,TX,315
76678,TX,111
76679,TX,1442
76680,TX,284
76681,TX,520
76682,TX,2798
76684,TX,
76685,TX,91
76686,TX,242
76687,TX,1500
76689,TX,3991
76690,TX,1473
76691,TX,6588
76692,TX,10562
76693,TX,1866
76701,TX,1674
76702,TX,
76703,TX,
76704,TX,7220
76705,TX,31736
76706,TX,39303
76707,TX,16227
76708,TX,28499
76710,TX,24874
76711,TX,9806
76712,TX,27800
76714,TX,
76716,TX,
76797,TX,
76798,TX,2473
76799,TX,
76801,TX,25401
76802,TX,5503
76803,TX,
76804,TX,
76820,TX,104
76821,TX,4618
76823,TX,2784
76824,TX,6
76825,TX,6592
76827,TX,390
76828,TX,175
76831,TX,31
76832,TX,551
76834,TX,4991
76836,TX,54
76837,TX,2313
76841,TX,73
76842,TX,218
76844,TX,3334
76845,TX,183
76848,TX,68
76849,TX,3482
76852,TX,215
76853,TX,1543
76854,TX,377
76855,TX,
76856,TX,3574
76857,TX,1829
76858,TX,213
76859,TX,1905
76861,TX,2116
76862,TX,230
76864,TX,707
76865,TX,123
76866,TX,627
76869,TX,52
76870,TX,59
76871,TX,648
76872,TX,602
76873,TX,65
76874,TX,55
76875,TX,604
76877,TX,4374
76878,TX,1492
76880,TX,16
76882,TX,309
76883,TX,
76884,TX,117
76885,TX,133
76886,TX,
76887,TX,118
76888,TX,117
76890,TX,878
76901,TX,31084
76902,TX,5
76903,TX,32215
76904,TX,36736
76905,TX,13635
76906,TX,
76908,TX,1515
76909,TX,195
76930,TX,115
76932,TX,3379
76933,TX,1319
76934,TX,1336
76935,TX,1714
76936,TX,2357
76937,TX,122
76939,TX,28
76940,TX,128
76941,TX,1273
76943,TX,3027
76945,TX,1745
76949,TX,
76950,TX,3379
76951,TX,1372
76953,TX,51
76955,TX,137
76957,TX,68
76958,TX,301
77001,TX,
77002,TX,19844
77003,TX,11874
77004,TX,37005
77005,TX,28241
77006,TX,24129
77007,TX,42908
77008,TX,36631
77009,TX,36425
77010,TX,883
77011,TX,16841
77012,TX,18397
77013,TX,16815
77014,TX,35161
77015,TX,57106
77016,TX,29966
77017,TX,31659
77018,TX,27870
77019,TX,24136
77020,TX,24846
77021,TX,28055
77022,TX,28748
77023,TX,26780
77024,TX,39565
77025,TX,28510
77026,TX,23405
77027,TX,18987
77028,TX,18701
77029,TX,17044
77030,TX,13221
77031,TX,15678
77032,TX,13497
77033,TX,28369
77034,TX,38186
77035,TX,37417
77036,TX,75870
77037,TX,19569
77038,TX,30483
77039,TX,28740
77040,TX,49524
77041,TX,35958
77042,TX,41177
77043,TX,26281
77044,TX,55665
77045,TX,32411
77046,TX,1742
77047,TX,32088
77048,TX,20536
77049,TX,38788
77050,TX,5004
77051,TX,18323
77052,TX,
77053,TX,30350
77054,TX,24419
77055,TX,42766
77056,TX,24115
77057,TX,43669
77058,TX,19442
77059,TX,18568
77060,TX,42707
77061,TX,23398
77062,TX,25095
77063,TX,38298
77064,TX,48243
77065,TX,37144
77066,TX,34443
77067,TX,31729
77068,TX,11764
77069,TX,19299
77070,TX,52943
77071,TX,26949
77072,TX,56271
77073,TX,46071
77074,TX,40199
77075,TX,38873
77076,TX,32349
77077,TX,61302
77078,TX,14855
77079,TX,36404
77080,TX,45428
77081,TX,48293
77082,TX,57493
77083,TX,73763
77084,TX,109808
77085,TX,17785
77086,TX,29366
77087,TX,34654
77088,TX,54320
77089,TX,56994
77090,TX,42285
77091,TX,28020
77092,TX,34903
77093,TX,47736
77094,TX,11150
77095,TX,71206
77096,TX,34510
77098,TX,15717
77099,TX,49849
77204,TX,4280
77205,TX,
77206,TX,
77207,TX,
77208,TX,
77210,TX,
77215,TX,
77217,TX,
77218,TX,
77219,TX,
77220,TX,
77221,TX,
77222,TX,
77223,TX,
77224,TX,
77225,TX,
77226,TX,
77227,TX,
77228,TX,
77230,TX,
77231,TX,
77233,TX,
77234,TX,
77235,TX,
77236,TX,
77237,TX,
77238,TX,
77240,TX,
77241,TX,
77242,TX,
77243,TX,
77244,TX,
77245,TX,
77248,TX,
77249,TX,
77251,TX,
77252,TX,
77253,TX,
77254,TX,
77255,TX,
77256,TX,
77257,TX,
77258,TX,
77259,TX,
77261,TX,
77262,TX,
77263,TX,
77265,TX,
77266,TX,
77267,TX,
77268,TX,
77269,TX,
77270,TX,
77271,TX,
77272,TX,
77273,TX,
77274,TX,
77275,TX,
77277,TX,
77279,TX,
77280,TX,
77282,TX,
77284,TX,
77287,TX,
77288,TX,
77289,TX,
77290,TX,
77291,TX,
77292,TX,
77293,TX,
77301,TX,35923
77302,TX,19384
77303,TX,20974
77304,TX,35969
77305,TX,
77306,TX,15127
77315,TX,
77316,TX,30598
77318,TX,17518
77320,TX,37325
77325,TX,
77326,TX,137
77327,TX,32269
77328,TX,17071
77331,TX,6953
77332,TX,
77333,TX,
77334,TX,139
77335,TX,1937
77336,TX,14881
77338,TX,45031
77339,TX,43076
77340,TX,35020
77341,TX,0
77342,TX,23
77345,TX,27258
77346,TX,71119
77347,TX,
77349,TX,
77350,TX,264
77351,TX,37353
77353,TX,
77354,TX,40625
77355,TX,29300
77356,TX,32136
77357,TX,30339
77358,TX,4817
77359,TX,679
77360,TX,5603
77362,TX,7007
77363,TX,3820
77364,TX,2312
77365,TX,42086
77367,TX,287
77368,TX,30
77369,TX,736
77371,TX,7870
77372,TX,13306
77373,TX,63413
77374,TX,407
77375,TX,65365
77376,TX,468
77377,TX,39711
77378,TX,17417
77379,TX,84704
77380,TX,27651
77381,TX,35191
77382,TX,37755
77383,TX,
77384,TX,23952
77385,TX,27801
77386,TX,66058
77387,TX,
77388,TX,51483
77389,TX,41534
77391,TX,
77393,TX,
77396,TX,61058
77399,TX,
77401,TX,17219
77402,TX,
77404,TX,
77406,TX,58703
77407,TX,74657
77410,TX,
77411,TX,
77412,TX,57
77413,TX,
77414,TX,23416
77415,TX,82
77417,TX,2154
77418,TX,10037
77419,TX,1332
77420,TX,2296
77422,TX,13731
77423,TX,16152
77426,TX,2053
77428,TX,84
77429,TX,94176
77430,TX,2224
77431,TX,84
77432,TX,138
77433,TX,106663
77434,TX,4411
77435,TX,4795
77436,TX,131
77437,TX,17832
77440,TX,60
77441,TX,23111
77442,TX,1151
77443,TX,151
77444,TX,1057
77445,TX,14160
77446,TX,6236
77447,TX,20805
77448,TX,459
77449,TX,128180
77450,TX,72977
77451,TX,495
77452,TX,
77453,TX,243
77454,TX,192
77455,TX,1751
77456,TX,1191
77457,TX,426
77458,TX,397
77459,TX,79731
77460,TX,52
77461,TX,11890
77463,TX,
77464,TX,501
77465,TX,7137
77466,TX,627
77467,TX,25
77468,TX,20
77469,TX,57925
77470,TX,276
77471,TX,42284
77473,TX,39
77474,TX,14164
77475,TX,718
77476,TX,601
77477,TX,35520
77478,TX,24536
77479,TX,93180
77480,TX,7911
77481,TX,132
77482,TX,2241
77483,TX,226
77484,TX,13449
77485,TX,3657
77486,TX,7488
77487,TX,
77488,TX,13861
77489,TX,37257
77491,TX,
77492,TX,
77493,TX,51774
77494,TX,130872
77496,TX,
77497,TX,
77498,TX,51472
77501,TX,
77502,TX,37495
77503,TX,24956
77504,TX,25728
77505,TX,23584
77506,TX,34431
77507,TX,770
77508,TX,
77510,TX,14357
77511,TX,51093
77512,TX,
77514,TX,4926
77515,TX,32710
77516,TX,
77517,TX,6058
77518,TX,9689
77519,TX,882
77520,TX,38587
77521,TX,65058
77522,TX,
77523,TX,27638
77530,TX,35319
77531,TX,15666
77532,TX,34679
77533,TX,980
77534,TX,2998
77535,TX,36494
77536,TX,33693
77538,TX,809
77539,TX,48183
77541,TX,16441
77542,TX,
77545,TX,26563
77546,TX,54670
77547,TX,9627
77549,TX,
77550,TX,24247
77551,TX,22677
77552,TX,
77553,TX,
77554,TX,8961
77555,TX,9
77560,TX,960
77561,TX,92
77562,TX,11861
77563,TX,9778
77564,TX,2047
77565,TX,6966
77566,TX,30538
77568,TX,20254
77571,TX,37018
77572,TX,
77573,TX,95256
77574,TX,
77575,TX,15768
77577,TX,1250
77578,TX,25228
77580,TX,99
77581,TX,49198
77582,TX,262
77583,TX,43113
77584,TX,93062
77585,TX,892
77586,TX,23503
77587,TX,16179
77588,TX,
77590,TX,30758
77591,TX,17347
77592,TX,
77597,TX,734
77598,TX,25620
77611,TX,9993
77612,TX,9311
77613,TX,1293
77614,TX,468
77615,TX,314
77616,TX,656
77617,TX,125
77619,TX,17349
77622,TX,1384
77623,TX,340
77624,TX,535
77625,TX,8599
77626,TX,
77627,TX,23296
77629,TX,868
77630,TX,29317
77631,TX,
77632,TX,22487
77639,TX,
77640,TX,16618
77641,TX,
77642,TX,39017
77643,TX,
77650,TX,2304
77651,TX,13705
77655,TX,291
77656,TX,17199
77657,TX,22161
77659,TX,4964
77660,TX,1206
77661,TX,429
77662,TX,25462
77663,TX,1291
77664,TX,2934
77665,TX,7080
77670,TX,
77701,TX,13232
77702,TX,2682
77703,TX,13357
77704,TX,
77705,TX,37950
77706,TX,29910
77707,TX,17509
77708,TX,12478
77713,TX,14408
77720,TX,
77725,TX,
77726,TX,
77801,TX,15097
77802,TX,25502
77803,TX,30533
77805,TX,
77806,TX,
77807,TX,13140
77808,TX,15217
77830,TX,2836
77831,TX,3517
77833,TX,29431
77834,TX,
77835,TX,2463
77836,TX,11721
77837,TX,1362
77838,TX,
77840,TX,55180
77841,TX,
77842,TX,
77843,TX,8701
77844,TX,
77845,TX,70108
77850,TX,
77852,TX,40
77853,TX,1116
77855,TX,159
77856,TX,5170
77857,TX,985
77859,TX,7131
77861,TX,2850
77862,TX,
77863,TX,64
77864,TX,7243
77865,TX,1571
77866,TX,36
77867,TX,109
77868,TX,16647
77870,TX,
77871,TX,3677
77872,TX,1992
77873,TX,1450
77875,TX,63
77876,TX,46
77878,TX,602
77879,TX,4994
77880,TX,1922
77881,TX,
77882,TX,45
77901,TX,40062
77902,TX,
77903,TX,
77904,TX,29646
77905,TX,15282
77950,TX,159
77951,TX,2246
77954,TX,11458
77957,TX,8730
77960,TX,78
77961,TX,161
77962,TX,3425
77963,TX,5184
77964,TX,8233
77967,TX,
77968,TX,3398
77969,TX,206
77970,TX,283
77971,TX,829
77973,TX,47
77974,TX,455
77975,TX,1753
77976,TX,68
77977,TX,667
77978,TX,621
77979,TX,16782
77982,TX,968
77983,TX,1732
77984,TX,4490
77986,TX,27
77987,TX,161
77988,TX,353
77989,TX,
77990,TX,661
77991,TX,428
77993,TX,166
77994,TX,309
77995,TX,9821
78001,TX,4
78002,TX,8876
78003,TX,9595
78004,TX,518
78005,TX,823
78006,TX,40979
78007,TX,95
78008,TX,224
78009,TX,8715
78010,TX,3357
78011,TX,1943
78012,TX,373
78013,TX,5868
78014,TX,5078
78015,TX,20764
78016,TX,10530
78017,TX,5912
78019,TX,1483
78021,TX,160
78022,TX,4343
78023,TX,30295
78024,TX,1083
78025,TX,5146
78026,TX,6181
78027,TX,478
78028,TX,40789
78029,TX,7
78039,TX,1795
78040,TX,36688
78041,TX,48491
78042,TX,
78043,TX,43473
78044,TX,200
78045,TX,65354
78046,TX,71956
78050,TX,583
78052,TX,7443
78054,TX,
78055,TX,1574
78056,TX,2116
78057,TX,1220
78058,TX,1304
78059,TX,5724
78060,TX,
78061,TX,10569
78062,TX,3
78063,TX,9302
78064,TX,15710
78065,TX,12048
78066,TX,650
78067,TX,613
78069,TX,5803
78070,TX,20618
78071,TX,4124
78072,TX,420
78073,TX,9550
78074,TX,101
78075,TX,103
78076,TX,13033
78101,TX,9104
78102,TX,27289
78104,TX,47
78107,TX,309
78108,TX,44079
78109,TX,52093
78111,TX,10
78112,TX,9591
78113,TX,2253
78114,TX,22178
78115,TX,
78116,TX,218
78117,TX,649
78118,TX,4899
78119,TX,7048
78121,TX,15206
78122,TX,354
78123,TX,2291
78124,TX,6860
78125,TX,57
78130,TX,88349
78131,TX,
78132,TX,37475
78133,TX,20787
78135,TX,
78140,TX,3607
78141,TX,726
78142,TX,119
78143,TX,77
78144,TX,36
78145,TX,83
78146,TX,624
78147,TX,1825
78148,TX,21569
78150,TX,9
78151,TX,1299
78152,TX,3022
78154,TX,41533
78155,TX,51772
78156,TX,
78159,TX,793
78160,TX,4528
78161,TX,699
78162,TX,301
78163,TX,13960
78164,TX,3464
78201,TX,42005
78202,TX,11422
78203,TX,5872
78204,TX,11298
78205,TX,2339
78206,TX,
78207,TX,51705
78208,TX,3874
78209,TX,42456
78210,TX,33010
78211,TX,29976
78212,TX,26738
78213,TX,40589
78214,TX,22664
78215,TX,3644
78216,TX,40172
78217,TX,33562
78218,TX,36137
78219,TX,16509
78220,TX,17749
78221,TX,39779
78222,TX,25028
78223,TX,55705
78224,TX,21759
78225,TX,12576
78226,TX,7140
78227,TX,46594
78228,TX,56369
78229,TX,33135
78230,TX,42145
78231,TX,8993
78232,TX,35397
78233,TX,49442
78234,TX,7464
78235,TX,2307
78236,TX,9869
78237,TX,36019
78238,TX,26014
78239,TX,31554
78240,TX,56112
78241,TX,
78242,TX,33294
78243,TX,235
78244,TX,35801
78245,TX,93031
78246,TX,
78247,TX,50876
78248,TX,13825
78249,TX,56996
78250,TX,54933
78251,TX,58836
78252,TX,17156
78253,TX,66589
78254,TX,72791
78255,TX,17775
78256,TX,13643
78257,TX,12173
78258,TX,51073
78259,TX,29842
78260,TX,37037
78261,TX,26971
78263,TX,4995
78264,TX,14705
78265,TX,
78266,TX,7534
78268,TX,
78269,TX,
78270,TX,
78278,TX,
78279,TX,
78280,TX,
78283,TX,
78284,TX,
78285,TX,
78288,TX,
78291,TX,
78292,TX,
78293,TX,
78294,TX,
78295,TX,
78296,TX,
78297,TX,
78298,TX,
78299,TX,
78330,TX,780
78332,TX,27152
78335,TX,
78336,TX,12009
78338,TX,50
78339,TX,625
78340,TX,341
78341,TX,1420
78342,TX,318
78343,TX,4405
78344,TX,278
78347,TX,19
78349,TX,325
78350,TX,
78351,TX,578
78352,TX,254
78353,TX,377
78355,TX,6982
78357,TX,2858
78358,TX,1137
78359,TX,1920
78360,TX,22
78361,TX,4842
78362,TX,10238
78363,TX,29391
78368,TX,8726
78369,TX,249
78370,TX,4746
78371,TX,281
78372,TX,5550
78373,TX,3134
78374,TX,20281
78375,TX,3109
78376,TX,307
78377,TX,3547
78379,TX,1624
78380,TX,23386
78381,TX,
78382,TX,19432
78383,TX,3757
78384,TX,5653
78385,TX,259
78387,TX,9936
78389,TX,1535
78390,TX,5447
78391,TX,261
78393,TX,2137
78401,TX,4701
78402,TX,625
78403,TX,
78404,TX,15339
78405,TX,14151
78406,TX,1185
78407,TX,1649
78408,TX,11023
78409,TX,2570
78410,TX,29545
78411,TX,26150
78412,TX,38783
78413,TX,37531
78414,TX,46972
78415,TX,38722
78416,TX,14103
78417,TX,4482
78418,TX,31787
78419,TX,441
78426,TX,
78427,TX,
78460,TX,
78463,TX,
78465,TX,
78466,TX,
78467,TX,
78468,TX,
78469,TX,
78480,TX,
78501,TX,60817
78502,TX,
78503,TX,23604
78504,TX,56830
78505,TX,
78516,TX,34506
78520,TX,64949
78521,TX,88708
78522,TX,
78523,TX,
78526,TX,55164
78535,TX,679
78536,TX,322
78537,TX,51962
78538,TX,12278
78539,TX,37686
78540,TX,11
78541,TX,48513
78542,TX,84678
78543,TX,7535
78545,TX,762
78547,TX,413
78548,TX,1296
78549,TX,872
78550,TX,56038
78551,TX,
78552,TX,38474
78553,TX,
78557,TX,13986
78558,TX,388
78559,TX,12533
78560,TX,4815
78561,TX,768
78562,TX,3081
78563,TX,201
78564,TX,103
78565,TX,319
78566,TX,23704
78567,TX,544
78568,TX,
78569,TX,3821
78570,TX,32950
78572,TX,78280
78573,TX,42229
78574,TX,63627
78575,TX,5270
78576,TX,13901
78577,TX,79937
78578,TX,10076
78579,TX,2637
78580,TX,13208
78582,TX,43253
78583,TX,5869
78584,TX,19373
78585,TX,4
78586,TX,50135
78588,TX,168
78589,TX,38987
78590,TX,468
78591,TX,341
78592,TX,765
78593,TX,5541
78594,TX,1796
78595,TX,6304
78596,TX,37329
78597,TX,2479
78598,TX,319
78599,TX,32500
78602,TX,33759
78604,TX,
78605,TX,6246
78606,TX,5875
78607,TX,180
78608,TX,519
78609,TX,1827
78610,TX,45134
78611,TX,14839
78612,TX,16265
78613,TX,89279
78614,TX,459
78615,TX,1694
78616,TX,11605
78617,TX,28832
78618,TX,256
78619,TX,5819
78620,TX,20493
78621,TX,27275
78622,TX,340
78623,TX,1670
78624,TX,23080
78626,TX,39935
78627,TX,
78628,TX,40378
78629,TX,12046
78630,TX,
78631,TX,2698
78632,TX,990
78633,TX,27736
78634,TX,37951
78635,TX,110
78636,TX,3894
78638,TX,2381
78639,TX,8365
78640,TX,64539
78641,TX,83426
78642,TX,20385
78643,TX,6453
78644,TX,20813
78645,TX,14051
78646,TX,
78648,TX,8167
78650,TX,1918
78651,TX,
78652,TX,5831
78653,TX,31167
78654,TX,19698
78655,TX,2910
78656,TX,2596
78657,TX,6531
78659,TX,3911
78660,TX,110955
78661,TX,304
78662,TX,2890
78663,TX,815
78664,TX,60287
78665,TX,61577
78666,TX,86584
78667,TX,
78669,TX,12415
78670,TX,106
78671,TX,624
78672,TX,984
78673,TX,
78674,TX,287
78675,TX,178
78676,TX,14713
78677,TX,55
78680,TX,
78681,TX,57503
78682,TX,
78683,TX,
78691,TX,
78701,TX,11625
78702,TX,25910
78703,TX,22194
78704,TX,49197
78705,TX,36535
78708,TX,
78709,TX,
78710,TX,
78711,TX,
78712,TX,351
78714,TX,
78715,TX,
78716,TX,
78717,TX,36987
78718,TX,
78719,TX,2004
78720,TX,
78721,TX,11316
78722,TX,6618
78723,TX,34522
78724,TX,29680
78725,TX,10301
78726,TX,15618
78727,TX,29928
78728,TX,25555
78729,TX,31829
78730,TX,9403
78731,TX,27240
78732,TX,19128
78733,TX,9347
78734,TX,22963
78735,TX,20983
78736,TX,10165
78737,TX,20996
78738,TX,29529
78739,TX,21854
78741,TX,49344
78742,TX,964
78744,TX,51048
78745,TX,59843
78746,TX,29106
78747,TX,21891
78748,TX,55226
78749,TX,35239
78750,TX,28348
78751,TX,17071
78752,TX,19289
78753,TX,58761
78754,TX,27020
78755,TX,
78756,TX,8426
78757,TX,23847
78758,TX,49831
78759,TX,42333
78760,TX,
78761,TX,
78762,TX,
78763,TX,
78764,TX,
78765,TX,
78766,TX,
78767,TX,
78768,TX,
78772,TX,
78774,TX,
78778,TX,
78779,TX,
78783,TX,
78799,TX,
78801,TX,21051
78802,TX,0
78827,TX,863
78828,TX,158
78829,TX,858
78830,TX,509
78832,TX,3127
78833,TX,817
78834,TX,7061
78836,TX,85
78837,TX,216
78838,TX,264
78839,TX,7364
78840,TX,47147
78841,TX,1
78842,TX,0
78843,TX,168
78847,TX,
78850,TX,1075
78851,TX,33
78852,TX,56712
78853,TX,
78860,TX,237
78861,TX,13298
78870,TX,868
78871,TX,23
78872,TX,1491
78873,TX,1559
78877,TX,936
78879,TX,307
78880,TX,1254
78881,TX,1853
78883,TX,257
78884,TX,949
78885,TX,129
78886,TX,463
78931,TX,231
78932,TX,897
78933,TX,1531
78934,TX,6770
78935,TX,922
78938,TX,289
78940,TX,1974
78941,TX,3006
78942,TX,8973
78943,TX,439
78944,TX,532
78945,TX,10483
78946,TX,1093
78947,TX,4828
78948,TX,912
78949,TX,529
78950,TX,2151
78951,TX,78
78952,TX,
78953,TX,1350
78954,TX,1144
78956,TX,5161
78957,TX,10214
78959,TX,1723
78960,TX,
78962,TX,4617
78963,TX,988
79001,TX,218
79002,TX,26
79003,TX,166
79005,TX,1693
79007,TX,13819
79008,TX,0
79009,TX,1931
79010,TX,506
79011,TX,253
79012,TX,22
79013,TX,2995
79014,TX,3281
79015,TX,21710
79016,TX,668
79018,TX,508
79019,TX,1713
79021,TX,80
79022,TX,10835
79024,TX,388
79025,TX,73
79027,TX,4899
79029,TX,16230
79031,TX,1188
79032,TX,125
79033,TX,97
79034,TX,521
79035,TX,5266
79036,TX,4643
79039,TX,772
79040,TX,1685
79041,TX,2880
79042,TX,1190
79043,TX,1278
79044,TX,517
79045,TX,18621
79046,TX,451
79051,TX,22
79052,TX,1102
79053,TX,92
79054,TX,505
79056,TX,93
79057,TX,966
79058,TX,51
79059,TX,764
79061,TX,275
79062,TX,227
79063,TX,667
79064,TX,2456
79065,TX,19750
79066,TX,5
79068,TX,3054
79070,TX,9671
79072,TX,25590
79073,TX,4
79078,TX,333
79079,TX,2461
79080,TX,528
79081,TX,3742
79082,TX,342
79083,TX,2321
79084,TX,2236
79085,TX,34
79086,TX,2122
79087,TX,720
79088,TX,5331
79091,TX,117
79092,TX,1121
79093,TX,70
79094,TX,25
79095,TX,2293
79096,TX,2033
79097,TX,1093
79098,TX,526
79101,TX,2307
79102,TX,9252
79103,TX,10532
79104,TX,7166
79105,TX,
79106,TX,27692
79107,TX,37480
79108,TX,12117
79109,TX,42509
79110,TX,18285
79111,TX,1612
79114,TX,
79116,TX,
79117,TX,
79118,TX,27608
79119,TX,21147
79120,TX,
79121,TX,6601
79124,TX,11585
79159,TX,
79201,TX,6702
79220,TX,115
79221,TX,
79223,TX,17
79225,TX,774
79226,TX,2858
79227,TX,1143
79229,TX,361
79230,TX,149
79231,TX,40
79233,TX,146
79234,TX,96
79235,TX,3296
79236,TX,202
79237,TX,405
79239,TX,103
79240,TX,62
79241,TX,2014
79243,TX,81
79244,TX,649
79245,TX,2192
79247,TX,54
79248,TX,1367
79250,TX,1281
79251,TX,59
79252,TX,2847
79255,TX,477
79256,TX,287
79257,TX,948
79258,TX,20
79259,TX,48
79261,TX,384
79311,TX,3479
79312,TX,934
79313,TX,1394
79314,TX,61
79316,TX,10619
79322,TX,1720
79323,TX,6541
79324,TX,50
79325,TX,2283
79326,TX,22
79329,TX,3214
79330,TX,169
79331,TX,11825
79336,TX,15953
79339,TX,6744
79342,TX,322
79343,TX,1325
79344,TX,2
79345,TX,857
79346,TX,2095
79347,TX,7169
79350,TX,341
79351,TX,1061
79353,TX,38
79355,TX,1867
79356,TX,5695
79357,TX,1972
79358,TX,1335
79359,TX,2800
79360,TX,17803
79363,TX,6259
79364,TX,7985
79366,TX,1189
79367,TX,594
79369,TX,83
79370,TX,1417
79371,TX,1331
79372,TX,1247
79373,TX,3068
79376,TX,64
79377,TX,276
79378,TX,241
79379,TX,448
79380,TX,119
79381,TX,1297
79382,TX,8449
79383,TX,75
79401,TX,8775
79402,TX,0
79403,TX,15604
79404,TX,9956
79406,TX,6848
79407,TX,23208
79408,TX,
79409,TX,
79410,TX,8615
79411,TX,7297
79412,TX,14834
79413,TX,20962
79414,TX,17537
79415,TX,17499
79416,TX,36251
79423,TX,42311
79424,TX,53479
79430,TX,
79452,TX,
79453,TX,
79464,TX,
79490,TX,
79491,TX,
79493,TX,
79499,TX,
79501,TX,3594
79502,TX,1087
79503,TX,224
79504,TX,2980
79505,TX,223
79506,TX,653
79508,TX,1256
79510,TX,7985
79511,TX,1182
79512,TX,7974
79516,TX,
79517,TX,212
79518,TX,107
79519,TX,70
79520,TX,2169
79521,TX,3672
79525,TX,2902
79526,TX,1071
79527,TX,360
79528,TX,595
79529,TX,1272
79530,TX,587
79532,TX,796
79533,TX,417
79534,TX,208
79535,TX,165
79536,TX,5133
79537,TX,69
79538,TX,243
79539,TX,151
79540,TX,101
79541,TX,943
79543,TX,1005
79544,TX,434
79545,TX,1772
79546,TX,1798
79547,TX,666
79548,TX,165
79549,TX,15456
79553,TX,3202
79556,TX,12644
79560,TX,143
79561,TX,674
79562,TX,5264
79563,TX,1152
79565,TX,252
79566,TX,245
79567,TX,3113
79601,TX,26515
79602,TX,25389
79603,TX,23746
79604,TX,
79605,TX,30239
79606,TX,27818
79607,TX,2983
79608,TX,
79697,TX,
79698,TX,
79699,TX,169
79701,TX,29748
79702,TX,
79703,TX,21205
79704,TX,
79705,TX,44138
79706,TX,31805
79707,TX,37632
79708,TX,
79710,TX,
79711,TX,
79712,TX,
79713,TX,592
79714,TX,18588
79718,TX,668
79719,TX,300
79720,TX,31948
79730,TX,218
79731,TX,4496
79733,TX,225
79734,TX,1811
79735,TX,13088
79738,TX,295
79739,TX,885
79740,TX,
79741,TX,298
79742,TX,457
79743,TX,324
79744,TX,1164
79745,TX,6857
79748,TX,103
79749,TX,379
79752,TX,2226
79754,TX,57
79755,TX,160
79756,TX,10318
79758,TX,2898
79759,TX,81
79760,TX,
79761,TX,30187
79762,TX,40253
79763,TX,39767
79764,TX,26271
79765,TX,21163
79766,TX,9688
79768,TX,
79769,TX,13
79770,TX,38
79772,TX,13867
79776,TX,3
79777,TX,105
79778,TX,892
79780,TX,101
79781,TX,222
79782,TX,4641
79783,TX,142
79785,TX,68
79788,TX,438
79789,TX,927
79821,TX,6416
79830,TX,7621
79832,TX,471
79834,TX,150
79835,TX,12456
79836,TX,7217
79837,TX,389
79838,TX,7895
79839,TX,1113
79842,TX,445
79843,TX,2275
79845,TX,3717
79846,TX,49
79847,TX,151
79848,TX,696
79849,TX,14310
79851,TX,1339
79852,TX,712
79853,TX,3638
79854,TX,163
79855,TX,2071
79901,TX,10027
79902,TX,20071
79903,TX,16425
79904,TX,31491
79905,TX,22483
79906,TX,5336
79907,TX,50971
79908,TX,3583
79910,TX,
79911,TX,8023
79912,TX,78652
79913,TX,
79914,TX,
79915,TX,35234
79916,TX,3800
79917,TX,
79918,TX,362
79922,TX,8133
79923,TX,
79924,TX,58721
79925,TX,38422
79926,TX,
79927,TX,40290
79928,TX,78971
79929,TX,
79930,TX,24553
79931,TX,
79932,TX,29996
79934,TX,29386
79935,TX,17534
79936,TX,105150
79937,TX,
79938,TX,96353
79940,TX,
79941,TX,
79942,TX,
79943,TX,
79944,TX,
79945,TX,
79946,TX,
79947,TX,
79948,TX,
79949,TX,
79950,TX,
79951,TX,
79952,TX,
79953,TX,
79954,TX,
79955,TX,
79968,TX,
79995,TX,
79996,TX,
79997,TX,
