	66	Johnston County Department of Social Services	Smithfield		+19199895300	Energy Assistance (LIEAP / CIP); Food and Nutrition Services (FNS); Work First Emergency Assistance	electric_bill, eviction_prevention, gas_bill, reconnect_fee, rent_assistance, snap_benefits, utility_deposit	1	19	249,794	Johnston	27501 27504 27520 27524 27527 27528 27529 27542 27557 27568 27569 27576 27577 27591 27592 27593 27597 28334 28366	NCDHHS Local DSS Directory	johnston-county-department-of-social-services-energy	johnston-county-department-of-social-services-emergency
	67	Jones County Department of Social Services	Trenton		+12524482581	Energy Assistance (LIEAP / CIP); Food and Nutrition Services (FNS); Work First Emergency Assistance	electric_bill, eviction_prevention, gas_bill, reconnect_fee, rent_assistance, snap_benefits, utility_deposit	1	10	20,850	Jones	79501 79503 79520 79525 79533 79536 79553 79560 79561 79601	NCDHHS Local DSS Directory	jones-county-department-of-social-services-energy	jones-county-department-of-social-services-emergency
	68	Lake Community Action Agency, Inc.			+13524340554	Low-Income Home Energy Assistance Program (LIHEAP)	electric_bill, gas_bill, reconnect_fee, utility_deposit	1	35	444,204	Lake	32102 32158 32159 32163 32195 32702 32720 32726 32727 32735 32736 32756 32757 32767 32776 32778 32784 34705 34711 34712 34713 34714 34715 34731 34736 34737 34748 34749 34753 34755 34756 34762 34788 34789 34797	FloridaCommerce LIHEAP provider list	lake-community-action-agency-inc-liheap	
	69	Lee County Department of Human Services			+12395337900	Low-Income Home Energy Assistance Program (LIHEAP)	electric_bill, gas_bill, reconnect_fee, utility_deposit	1	7	18,451	Lee	77853 78650 78659 78942 78946 78947 78948	FloridaCommerce LIHEAP provider list	lee-county-department-of-human-services-liheap	
	70	Lee County Department of Social Services	Sanford		+19197184690	Energy Assistance (LIEAP / CIP); Food and Nutrition Services (FNS); Work First Emergency Assistance	electric_bill, eviction_prevention, gas_bill, reconnect_fee, rent_assistance, snap_benefits, utility_deposit	1	7	18,451	Lee	77853 78650 78659 78942 78946 78947 78948	NCDHHS Local DSS Directory	lee-county-department-of-social-services-energy	lee-county-department-of-social-services-emergency
	71	Lenoir County Department of Social Services	Kinston		+12525596400	Energy Assistance (LIEAP / CIP); Food and Nutrition Services (FNS); Work First Emergency Assistance	electric_bill, eviction_prevention, gas_bill, reconnect_fee, rent_assistance, snap_benefits, utility_deposit	1	8	55,332	Lenoir	28501 28504 28525 28530 28538 28551 28572 28578	NCDHHS Local DSS Directory	lenoir-county-department-of-social-services-energy	lenoir-county-department-of-social-services-emergency
	72	Lincoln County Department of Social Services	Lincolnton		+17047320738	Energy Assistance (LIEAP / CIP); Food and Nutrition Services (FNS); Work First Emergency Assistance	electric_bill, eviction_prevention, gas_bill, reconnect_fee, rent_assistance, snap_benefits, utility_deposit	1	10	97,611	Lincoln	28006 28021 28033 28037 28080 28092 28093 28164 28168 28650	NCDHHS Local DSS Directory	lincoln-county-department-of-social-services-energy	lincoln-county-department-of-social-services-emergency
	73	Macon County Department of Social Services	Franklin		+18283492124	Energy Assistance (LIEAP / CIP); Food and Nutrition Services (FNS); Work First Emergency Assistance	electric_bill, eviction_prevention, gas_bill, reconnect_fee, rent_assistance, snap_benefits, utility_deposit	1	6	38,717	Macon	28734 28741 28744 28763 28775 28781	NCDHHS Local DSS Directory	macon-county-department-of-social-services-energy	macon-county-department-of-social-services-emergency
	74	Madison County Department of Social Services	Marshall		+18286499498	Energy Assistance (LIEAP / CIP); Food and Nutrition Services (FNS); Work First Emergency Assistance	electric_bill, eviction_prevention, gas_bill, reconnect_fee, rent_assistance, snap_benefits, utility_deposit	1	4	13,877	Madison	75852 77864 77871 77872	NCDHHS Local DSS Directory	madison-county-department-of-social-services-energy	madison-county-department-of-social-services-emergency
	75	Martin County Department of Social Services	Williamston		+12527894400	Energy Assistance (LIEAP / CIP); Food and Nutrition Services (FNS); Work First Emergency Assistance	electric_bill, eviction_prevention, gas_bill, reconnect_fee, rent_assistance, snap_benefits, utility_deposit	1	3	5,179	Martin	79749 79782 79783	NCDHHS Local DSS Directory	martin-county-department-of-social-services-energy	martin-county-department-of-social-services-emergency
	76	McDowell County Department of Social Services	Marion		+18286523355	Energy Assistance (LIEAP / CIP); Food and Nutrition Services (FNS); Work First Emergency Assistance	electric_bill, eviction_prevention, gas_bill, reconnect_fee, rent_assistance, snap_benefits, utility_deposit	1	5	45,269	McDowell	28167 28749 28752 28761 28762	NCDHHS Local DSS Directory	mcdowell-county-department-of-social-services-energy	mcdowell-county-department-of-social-services-emergency
	77	Mecklenburg County Department of Social Services	Charlotte		+17043363000	Energy Assistance (LIEAP / CIP); Food and Nutrition Services (FNS); Work First Emergency Assistance	electric_bill, eviction_prevention, gas_bill, reconnect_fee, rent_assistance, snap_benefits, utility_deposit	1	55	1,206,285	Mecklenburg	28031 28036 28070 28078 28105 28106 28126 28130 28134 28202 28203 28204 28205 28206 28207 28208 28209 28210 28211 28212 28213 28214 28215 28216 28217 28219 28220 28221 28222 28224 28226 28227 28228 28229 28230 28231 28232 28233 28234 28235 28236 28237 28241 28247 28256 28262 28266 28269 28270 28271 28273 28277 28278 28297 28299	NCDHHS Local DSS Directory	mecklenburg-county-department-of-social-services-energy	mecklenburg-county-department-of-social-services-emergency
	78	Miami-Dade County Community Action Agency			+17864694640	Low-Income Home Energy Assistance Program (LIHEAP)	electric_bill, gas_bill, reconnect_fee, utility_deposit	1	114	2,838,461	Miami-Dade	33002 33010 33011 33012 33013 33014 33015 33016 33017 33018 33030 33031 33032 33033 33034 33035 33054 33055 33056 33090 33092 33101 33109 33114 33116 33119 33122 33124 33125 33126 33127 33128 33129 33130 33131 33132 33133 33134 33135 33136 33137 33138 33139 33140 33141 33142 33143 33144 33145 33146 33147 33149 33150 33152 33153 33154 33155 33156 33157 33158 33160 33161 33162 33163 33164 33165 33166 33167 33168 33169 33170 33172 33173 33174 33175 33176 33177 33178 33179 33180 33181 33182 33183 33184 33185 33186 33187 33189 33190 33193 33194 33195 33196 33197 33222 33231 33233 33234 33238 33239 33242 33243 33245 33247 33255 33256 33257 33261 33265 33266 33269 33280 33283 33296	FloridaCommerce LIHEAP provider list	miami-dade-county-community-action-agency-liheap	
	79	Mitchell County Department of Social Services	Bakersville		+18286882175	Energy Assistance (LIEAP / CIP); Food and Nutrition Services (FNS); Work First Emergency Assistance	electric_bill, eviction_prevention, gas_bill, reconnect_fee, rent_assistance, snap_benefits, utility_deposit	1	3	8,968	Mitchell	79512 79532 79565	NCDHHS Local DSS Directory	mitchell-county-department-of-social-services-energy	mitchell-county-department-of-social-services-emergency
	80	Monroe County Board of County Commissioners			+13052924408	Low-Income Home Energy Assistance Program (LIHEAP)	electric_bill, gas_bill, reconnect_fee, utility_deposit	1	12	80,908	Monroe	33001 33036 33037 33040 33041 33042 33043 33045 33050 33051 33052 33070	FloridaCommerce LIHEAP provider list	monroe-county-board-of-county-commissioners-liheap	
	81	Montgomery County Department of Social Services	Troy		+19105766531	Energy Assistance (LIEAP / CIP); Food and Nutrition Services (FNS); Work First Emergency Assistance	electric_bill, eviction_prevention, gas_bill, reconnect_fee, rent_assistance, snap_benefits, utility_deposit	1	28	749,613	Montgomery	77301 77302 77303 77304 77305 77306 77316 77318 77328 77339 77353 77354 77355 77356 77357 77362 77365 77372 77378 77380 77381 77382 77384 77385 77386 77387 77393 77873	NCDHHS Local DSS Directory	montgomery-county-department-of-social-services-energy	montgomery-county-department-of-social-services-emergency
	82	Moore County Department of Social Services	Carthage		+19109472436	Energy Assistance (LIEAP / CIP); Food and Nutrition Services (FNS); Work First Emergency Assistance	electric_bill, eviction_prevention, gas_bill, reconnect_fee, rent_assistance, snap_benefits, utility_deposit	1	5	21,872	Moore	79013 79018 79029 79058 79086	NCDHHS Local DSS Directory	moore-county-department-of-social-services-energy	moore-county-department-of-social-services-emergency
	83	Nash County Department of Social Services			+12524599818	Energy Assistance (LIEAP / CIP); Food and Nutrition Services (FNS); Work First Emergency Assistance	electric_bill, eviction_prevention, gas_bill, reconnect_fee, rent_assistance, snap_benefits, utility_deposit	1	11	97,990	Nash	27557 27803 27804 27807 27809 27816 27822 27856 27868 27882 27891	NCDHHS Local DSS Directory	nash-county-department-of-social-services-energy	nash-county-department-of-social-services-emergency
	84	New Hanover County Department of Social Services	Wilmington		+19107983500	Energy Assistance (LIEAP / CIP); Food and Nutrition Services (FNS); Work First Emergency Assistance	electric_bill, eviction_prevention, gas_bill, reconnect_fee, rent_assistance, snap_benefits, utility_deposit	1	14	243,333	New Hanover	28401 28402 28403 28404 28405 28406 28408 28409 28411 28412 28428 28429 28449 28480	NCDHHS Local DSS Directory	new-hanover-county-department-of-social-services-energy	new-hanover-county-department-of-social-services-emergency
	85	Northampton County Department of Social Services	Jackson		+12525345811	Energy Assistance (LIEAP / CIP); Food and Nutrition Services (FNS); Work First Emergency Assistance	electric_bill, eviction_prevention, gas_bill, reconnect_fee, rent_assistance, snap_benefits, utility_deposit	1	12	16,580	Northampton	27820 27831 27832 27842 27845 27853 27855 27862 27866 27869 27876 27897	NCDHHS Local DSS Directory	northampton-county-department-of-social-services-energy	northampton-county-department-of-social-services-emergency
	86	Northeast Florida Community Action Agency, Inc.			+19042594481	Low-Income Home Energy Assistance Program (LIHEAP)	electric_bill, gas_bill, reconnect_fee, utility_deposit	7	56	702,989	Baker; Clay; Duval; Flagler; Nassau; Putnam; St. Johns	32004 32009 32011 32033 32034 32035 32040 32041 32046 32063 32080 32081 32082 32084 32085 32086 32087 32092 32095 32097 32110 32112 32131 32135 32136 32137 32139 32140 32145 32147 32148 32164 32174 32177 32178 32181 32187 32189 32193 32259 32260 32640 32666 76228 76261 76305 76310 76357 76365 76377 76389 78341 78349 78357 78376 78384	FloridaCommerce LIHEAP provider list	northeast-florida-community-action-agency-inc-liheap	
	87	Onslow County Department of Social Services	Jacksonville		+19104554145	Energy Assistance (LIEAP / CIP); Food and Nutrition Services (FNS); Work First Emergency Assistance	electric_bill, eviction_prevention, gas_bill, reconnect_fee, rent_assistance, snap_benefits, utility_deposit	1	18	212,954	Onslow	28445 28454 28460 28518 28521 28539 28540 28541 28542 28543 28544 28545 28546 28547 28555 28574 28582 28584	NCDHHS Local DSS Directory	onslow-county-department-of-social-services-energy	onslow-county-department-of-social-services-emergency
	88	Orange County Department of Social Services	Hillsborough		+19192452800	Energy Assistance (LIEAP / CIP); Food and Nutrition Services (FNS); Work First Emergency Assistance	electric_bill, eviction_prevention, gas_bill, reconnect_fee, rent_assistance, snap_benefits, utility_deposit	1	7	86,115	Orange	77611 77630 77631 77632 77639 77662 77670	NCDHHS Local DSS Directory	orange-county-department-of-social-services-energy	orange-county-department-of-social-services-emergency
	89	Orange County Youth and Family Services Division			+14078367429	Low-Income Home Energy Assistance Program (LIHEAP)	electric_bill, gas_bill, reconnect_fee, utility_deposit	1	7	86,115	Orange	77611 77630 77631 77632 77639 77662 77670	FloridaCommerce LIHEAP provider list	orange-county-youth-and-family-services-division-liheap	
	90	Osceola County Council on Aging, Inc			+14078468532	Low-Income Home Energy Assistance Program (LIHEAP)	electric_bill, gas_bill, reconnect_fee, utility_deposit	1	18	468,058	Osceola	33848 33896 34714 34739 34741 34742 34743 34744 34745 34746 34747 34758 34759 34769 34770 34771 34772 34773	FloridaCommerce LIHEAP provider list	osceola-county-council-on-aging-inc-liheap	
	91	Palm Beach County			+15613554792	Low-Income Home Energy Assistance Program (LIHEAP)	electric_bill, gas_bill, reconnect_fee, utility_deposit	1	72	1,582,055	Palm Beach	33401 33402 33403 33404 33405 33406 33407 33408 33409 33410 33411 33412 33413 33414 33415 33416 33417 33418 33419 33420 33421 33422 33424 33425 33426 33427 33428 33429 33430 33431 33432 33433 33434 33435 33436 33437 33438 33444 33445 33446 33448 33449 33454 33458 33460 33461 33462 33463 33465 33466 33467 33468 33469 33470 33472 33473 33474 33476 33477 33478 33480 33481 33482 33483 33484 33486 33487 33488 33493 33496 33497 33498	FloridaCommerce LIHEAP provider list	palm-beach-county-liheap	
	92	Pamlico County Department of Social Services	Bayboro		+12527454086	Energy Assistance (LIEAP / CIP); Food and Nutrition Services (FNS); Work First Emergency Assistance	electric_bill, eviction_prevention, gas_bill, reconnect_fee, rent_assistance, snap_benefits, utility_deposit	1	9	12,550	Pamlico	28510 28515 28529 28537 28552 28556 28560 28571 28587	NCDHHS Local DSS Directory	pamlico-county-department-of-social-services-energy	pamlico-county-department-of-social-services-emergency
	93	Pasquotank County Department of Social Services	Elizabeth City		+12523382126	Energy Assistance (LIEAP / CIP); Food and Nutrition Services (FNS); Work First Emergency Assistance	electric_bill, eviction_prevention, gas_bill, reconnect_fee, rent_assistance, snap_benefits, utility_deposit	1	3	41,418	Pasquotank	27906 27907 27909	NCDHHS Local DSS Directory	pasquotank-county-department-of-social-services-energy	pasquotank-county-department-of-social-services-emergency
	94	Pender County Department of Social Services	Burgaw		+19102591240	Energy Assistance (LIEAP / CIP); Food and Nutrition Services (FNS); Work First Emergency Assistance	electric_bill, eviction_prevention, gas_bill, reconnect_fee, rent_assistance, snap_benefits, utility_deposit	1	12	70,077	Pender	28411 28421 28425 28435 28443 28445 28447 28448 28454 28457 28466 28478	NCDHHS Local DSS Directory	pender-county-department-of-social-services-energy	pender-county-department-of-social-services-emergency
	95	Perquimans County Department of Social Services	Hertford		+12524267373	Energy Assistance (LIEAP / CIP); Food and Nutrition Services (FNS); Work First Emergency Assistance	electric_bill, eviction_prevention, gas_bill, reconnect_fee, rent_assistance, snap_benefits, utility_deposit	1	3	13,460	Perquimans	27919 27944 27980	NCDHHS Local DSS Directory	perquimans-county-department-of-social-services-energy	perquimans-county-department-of-social-services-emergency
	96	Person County Department of Social Services	Roxboro		+13365998361	Energy Assistance (LIEAP / CIP); Food and Nutrition Services (FNS); Work First Emergency Assistance	electric_bill, eviction_prevention, gas_bill, reconnect_fee, rent_assistance, snap_benefits, utility_deposit	1	7	40,143	Person	27291 27343 27541 27572 27573 27574 27583	NCDHHS Local DSS Directory	person-county-department-of-social-services-energy	person-county-department-of-social-services-emergency
	97	Pinellas County Urban League, Inc.			+17273270977	Low-Income Home Energy Assistance Program (LIHEAP)	electric_bill, gas_bill, reconnect_fee, utility_deposit	1	69	965,870	Pinellas	33701 33702 33703 33704 33705 33706 33707 33708 33709 33710 33711 33712 33713 33714 33715 33716 33730 33731 33732 33733 33734 33736 33738 33741 33742 33743 33744 33747 33755 33756 33757 33758 33759 33760 33761 33762 33763 33764 33765 33766 33767 33770 33771 33772 33773 33774 33775 33776 33777 33778 33779 33780 33781 33782 33784 33785 33786 34660 34677 34681 34682 34683 34684 34685 34688 34689 34695 34697 34698	FloridaCommerce LIHEAP provider list	pinellas-county-urban-league-inc-liheap	
	98	Pitt County Department of Social Services	Greenville		+12529021110	Energy Assistance (LIEAP / CIP); Food and Nutrition Services (FNS); Work First Emergency Assistance	electric_bill, eviction_prevention, gas_bill, reconnect_fee, rent_assistance, snap_benefits, utility_deposit	1	17	180,783	Pitt	27812 27828 27829 27833 27834 27835 27836 27837 27858 27871 27879 27884 27888 27889 28513 28530 28590	NCDHHS Local DSS Directory	pitt-county-department-of-social-services-energy	pitt-county-department-of-social-services-emergency
	99	Polk County Department of Social Services			+18288942100	Energy Assistance (LIEAP / CIP); Food and Nutrition Services (FNS); Work First Emergency Assistance	electric_bill, eviction_prevention, gas_bill, reconnect_fee, rent_assistance, snap_benefits, utility_deposit	1	7	54,258	Polk	75936 75939 75960 77335 77351 77360 77399	NCDHHS Local DSS Directory	polk-county-department-of-social-services-energy	polk-county-department-of-social-services-emergency
	100	Randolph County Department of Social Services	Asheboro			Energy Assistance (LIEAP / CIP); Food and Nutrition Services (FNS); Work First Emergency Assistance	electric_bill, eviction_prevention, gas_bill, reconnect_fee, rent_assistance, snap_benefits, utility_deposit	1	16	148,389	Randolph	27203 27205 27208 27233 27239 27248 27263 27298 27313 27316 27317 27341 27350 27355 27360 27370	NCDHHS Local DSS Directory	randolph-county-department-of-social-services-energy	randolph-county-department-of-social-services-emergency
	101	Richmond County Department of Social Services	Rockingham		+19109978480	Energy Assistance (LIEAP / CIP); Food and Nutrition Services (FNS); Work First Emergency Assistance	electric_bill, eviction_prevention, gas_bill, reconnect_fee, rent_assistance, snap_benefits, utility_deposit	1	8	41,990	Richmond	27229 27306 28338 28345 28347 28363 28379 28380	NCDHHS Local DSS Directory	richmond-county-department-of-social-services-energy	richmond-county-department-of-social-services-emergency
	102	Robeson County Department of Social Services	Lumberton		+19106713500	Energy Assistance (LIEAP / CIP); Food and Nutrition Services (FNS); Work First Emergency Assistance	electric_bill, eviction_prevention, gas_bill, reconnect_fee, rent_assistance, snap_benefits, utility_deposit	1	13	118,624	Robeson	28340 28357 28358 28359 28360 28364 28369 28371 28372 28377 28383 28384 28386	NCDHHS Local DSS Directory	robeson-county-department-of-social-services-energy	robeson-county-department-of-social-services-emergency
	103	Rockingham County Department of Social Services	Wentworth		+13363421394	Energy Assistance (LIEAP / CIP); Food and Nutrition Services (FNS); Work First Emergency Assistance	electric_bill, eviction_prevention, gas_bill, reconnect_fee, rent_assistance, snap_benefits, utility_deposit	1	11	93,517	Rockingham	27025 27027 27048 27214 27288 27289 27311 27320 27326 27357 27358	NCDHHS Local DSS Directory	rockingham-county-department-of-social-services-energy	rockingham-county-department-of-social-services-emergency
	104	Rowan County Department of Social Services	Salisbury		+17042168330	Energy Assistance (LIEAP / CIP); Food and Nutrition Services (FNS); Work First Emergency Assistance	electric_bill, eviction_prevention, gas_bill, reconnect_fee, rent_assistance, snap_benefits, utility_deposit	1	19	153,384	Rowan	27013 27054 28023 28039 28041 28071 28072 28081 28083 28088 28115 28125 28137 28138 28144 28145 28146 28147 28159	NCDHHS Local DSS Directory	rowan-county-department-of-social-services-energy	rowan-county-department-of-social-services-emergency
	105	Rutherford County Department of Social Services	Spindale		+18282876165	Energy Assistance (LIEAP / CIP); Food and Nutrition Services (FNS); Work First Emergency Assistance	electric_bill, eviction_prevention, gas_bill, reconnect_fee, rent_assistance, snap_benefits, utility_deposit	1	10	65,587	Rutherford	28018 28020 28040 28043 28114 28139 28160 28167 28720 28746	NCDHHS Local DSS Directory	rutherford-county-department-of-social-services-energy	rutherford-county-department-of-social-services-emergency
	106	Sampson County Department of Social Services	Clinton		+19105927131	Energy Assistance (LIEAP / CIP); Food and Nutrition Services (FNS); Work First Emergency Assistance	electric_bill, eviction_prevention, gas_bill, reconnect_fee, rent_assistance, snap_benefits, utility_deposit	1	16	60,404	Sampson	28318 28328 28329 28334 28341 28344 28366 28382 28385 28393 28441 28444 28447 28453 28458 28478	NCDHHS Local DSS Directory	sampson-county-department-of-social-services-energy	sampson-county-department-of-social-services-emergency
	107	Scotland County Department of Social Services	Laurinburg		+19102772500	Energy Assistance (LIEAP / CIP); Food and Nutrition Services (FNS); Work First Emergency Assistance	electric_bill, eviction_prevention, gas_bill, reconnect_fee, rent_assistance, snap_benefits, utility_deposit	1	6	33,898	Scotland	28343 28351 28352 28353 28363 28396	NCDHHS Local DSS Directory	scotland-county-department-of-social-services-energy	scotland-county-department-of-social-services-emergency
	108	Stanly County Department of Social Services	Albemarle		+17049826100	Energy Assistance (LIEAP / CIP); Food and Nutrition Services (FNS); Work First Emergency Assistance	electric_bill, eviction_prevention, gas_bill, reconnect_fee, rent_assistance, snap_benefits, utility_deposit	1	11	67,326	Stanly	28001 28002 28009 28071 28097 28124 28127 28128 28129 28137 28163	NCDHHS Local DSS Directory	stanly-county-department-of-social-services-energy	stanly-county-department-of-social-services-emergency
	109	Step Up Suncoast, Inc.			+19418270188	Low-Income Home Energy Assistance Program (LIHEAP)	electric_bill, gas_bill, reconnect_fee, utility_deposit	2	30	484,420	Hardee; Manatee	33834 33865 33873 33890 34201 34202 34203 34204 34205 34206 34207 34208 34209 34210 34211 34212 34215 34216 34217 34219 34220 34221 34222 34228 34243 34251 34264 34270 34280 34282	FloridaCommerce LIHEAP provider list	step-up-suncoast-inc-liheap	
	110	Stokes County Department of Social Services	Danbury		+13365932861	Energy Assistance (LIEAP / CIP); Food and Nutrition Services (FNS); Work First Emergency Assistance	electric_bill, eviction_prevention, gas_bill, reconnect_fee, rent_assistance, snap_benefits, utility_deposit	1	12	45,857	Stokes	27016 27019 27021 27022 27025 27041 27042 27043 27046 27050 27052 27053	NCDHHS Local DSS Directory	stokes-county-department-of-social-services-energy	stokes-county-department-of-social-services-emergency
	111	Surry County Department of Social Services	Dobson		+13364018700	Energy Assistance (LIEAP / CIP); Food and Nutrition Services (FNS); Work First Emergency Assistance	electric_bill, eviction_prevention, gas_bill, reconnect_fee, rent_assistance, snap_benefits, utility_deposit	1	12	71,547	Surry	27007 27017 27024 27030 27041 27043 27047 27049 27053 28621 28676 28683	NCDHHS Local DSS Directory	surry-county-department-of-social-services-energy	surry-county-department-of-social-services-emergency
	112	Suwannee River Economic Council, Inc.			+19049646696	Low-Income Home Energy Assistance Program (LIHEAP)	electric_bill, gas_bill, reconnect_fee, utility_deposit	10	66	630,795	Bradford; Columbia; Dixie; Gilchrist; Hamilton; Lafayette; Madison; Suwannee; Taylor; Union	28079 28103 28104 28110 28111 28112 28133 28173 28174 32008 32024 32025 32038 32042 32044 32054 32055 32056 32058 32060 32061 32062 32064 32066 32071 32083 32091 32094 32096 32359 32619 32622 32628 32643 32648 32656 32666 32680 32693 75852 76436 76457 76525 76531 76538 76565 77864 77871 77872 79508 79519 79530 79536 79541 79561 79562 79563 79566 79601 79602 79603 79604 79605 79606 79607 79608	FloridaCommerce LIHEAP provider list	suwannee-river-economic-council-inc-liheap	
	113	Swain County Department of Social Services	Bryson City		+18284886921	Energy Assistance (LIEAP / CIP); Food and Nutrition Services (FNS); Work First Emergency Assistance	electric_bill, eviction_prevention, gas_bill, reconnect_fee, rent_assistance, snap_benefits, utility_deposit	1	3	13,945	Swain	28713 28719 28789	NCDHHS Local DSS Directory	swain-county-department-of-social-services-energy	swain-county-department-of-social-services-emergency
	114	The Salvation Army			+19419544673	Low-Income Home Energy Assistance Program (LIHEAP)	electric_bill, gas_bill, reconnect_fee, utility_deposit	1	33	476,604	Sarasota	34223 34228 34229 34230 34231 34232 34233 34234 34235 34236 34237 34238 34239 34240 34241 34242 34243 34272 34274 34275 34276 34277 34284 34285 34286 34287 34288 34289 34290 34291 34292 34293 34295	FloridaCommerce LIHEAP provider list	the-salvation-army-liheap	
	115	Transylvania County Department of Social Services	Brevard		+18288843174	Energy Assistance (LIEAP / CIP); Food and Nutrition Services (FNS); Work First Emergency Assistance	electric_bill, eviction_prevention, gas_bill, reconnect_fee, rent_assistance, snap_benefits, utility_deposit	1	9	34,103	Transylvania	28708 28712 28718 28742 28747 28766 28768 28772 28774	NCDHHS Local DSS Directory	transylvania-county-department-of-social-services-energy	transylvania-county-department-of-social-services-emergency
	116	Tri-County Community Council, Inc			+18505474263	Low-Income Home Energy Assistance Program (LIHEAP)	electric_bill, gas_bill, reconnect_fee, utility_deposit	5	45	575,488	Holmes; Okaloosa; Santa Rosa; Walton; Washington	32425 32433 32435 32439 32440 32455 32459 32461 32462 32464 32530 32531 32536 32539 32540 32541 32542 32544 32547 32548 32549 32550 32561 32562 32563 32564 32565 32566 32567 32569 32570 32571 32572 32578 32579 32580 32583 32588 77426 77833 77834 77835 77880 78932 78946	FloridaCommerce LIHEAP provider list	tri-county-community-council-inc-liheap	
	117	Tyrrell County Department of Social Services	Columbia		+12527963421	Energy Assistance (LIEAP / CIP); Food and Nutrition Services (FNS); Work First Emergency Assistance	electric_bill, eviction_prevention, gas_bill, reconnect_fee, rent_assistance, snap_benefits, utility_deposit	1	3	3,517	Tyrrell	27826 27925 27928	NCDHHS Local DSS Directory	tyrrell-county-department-of-social-services-energy	tyrrell-county-department-of-social-services-emergency
	118	Union County Department of Social Services			+17042964300	Energy Assistance (LIEAP / CIP); Food and Nutrition Services (FNS); Work First Emergency Assistance	electric_bill, eviction_prevention, gas_bill, reconnect_fee, rent_assistance, snap_benefits, utility_deposit	1	9	263,386	Union	28079 28103 28104 28110 28111 28112 28133 28173 28174	NCDHHS Local DSS Directory	union-county-department-of-social-services-energy	union-county-department-of-social-services-emergency
	119	Vance County Department of Social Services	Henderson		+12524925001	Energy Assistance (LIEAP / CIP); Food and Nutrition Services (FNS); Work First Emergency Assistance	electric_bill, eviction_prevention, gas_bill, reconnect_fee, rent_assistance, snap_benefits, utility_deposit	1	5	42,337	Vance	27507 27536 27537 27544 27553	NCDHHS Local DSS Directory	vance-county-department-of-social-services-energy	vance-county-department-of-social-services-emergency
	120	Volusia County Community Assistance Division			+13867365956	Low-Income Home Energy Assistance Program (LIHEAP)	electric_bill, gas_bill, reconnect_fee, utility_deposit	1	43	602,772	Volusia	32102 32114 32115 32117 32118 32119 32120 32121 32122 32124 32125 32126 32127 32128 32129 32130 32132 32141 32168 32169 32170 32173 32174 32175 32176 32180 32190 32713 32720 32721 32723 32724 32725 32728 32738 32739 32744 32753 32754 32759 32763 32764 32774	FloridaCommerce LIHEAP provider list	volusia-county-community-assistance-division-liheap	
	121	Wake County Department of Social Services	Raleigh		+19192127000	Energy Assistance (LIEAP / CIP); Food and Nutrition Services (FNS); Work First Emergency Assistance	electric_bill, eviction_prevention, gas_bill, reconnect_fee, rent_assistance, snap_benefits, utility_deposit	1	49	1,232,444	Wake	27502 27511 27512 27513 27518 27519 27523 27526 27529 27539 27540 27545 27560 27562 27571 27587 27588 27591 27592 27597 27601 27602 27603 27604 27605 27606 27607 27608 27609 27610 27611 27612 27613 27614 27615 27616 27617 27619 27620 27622 27623 27624 27627 27628 27629 27636 27658 27661 27675	NCDHHS Local DSS Directory	wake-county-department-of-social-services-energy	wake-county-department-of-social-services-emergency
	122	Warren County Department of Social Services	Warrenton		+12522575000	Energy Assistance (LIEAP / CIP); Food and Nutrition Services (FNS); Work First Emergency Assistance	electric_bill, eviction_prevention, gas_bill, reconnect_fee, rent_assistance, snap_benefits, utility_deposit	1	7	19,081	Warren	27551 27553 27563 27589 27842 27844 27850	NCDHHS Local DSS Directory	warren-county-department-of-social-services-energy	warren-county-department-of-social-services-emergency
	123	Washington County Department of Social Services	Plymouth		+12527934041	Energy Assistance (LIEAP / CIP); Food and Nutrition Services (FNS); Work First Emergency Assistance	electric_bill, eviction_prevention, gas_bill, reconnect_fee, rent_assistance, snap_benefits, utility_deposit	1	7	37,810	Washington	77426 77833 77834 77835 77880 78932 78946	NCDHHS Local DSS Directory	washington-county-department-of-social-services-energy	washington-county-department-of-social-services-emergency
	124	Watauga County Department of Social Services	Boone		+18282658100	Energy Assistance (LIEAP / CIP); Food and Nutrition Services (FNS); Work First Emergency Assistance	electric_bill, eviction_prevention, gas_bill, reconnect_fee, rent_assistance, snap_benefits, utility_deposit	1	8	54,997	Watauga	28604 28605 28607 28618 28679 28684 28692 28698	NCDHHS Local DSS Directory	watauga-county-department-of-social-services-energy	watauga-county-department-of-social-services-emergency
	125	Wayne County Department of Social Services	Goldsboro		+19195804034	Energy Assistance (LIEAP / CIP); Food and Nutrition Services (FNS); Work First Emergency Assistance	electric_bill, eviction_prevention, gas_bill, reconnect_fee, rent_assistance, snap_benefits, utility_deposit	1	13	120,338	Wayne	27530 27532 27533 27534 27542 27569 27830 27863 27883 28333 28365 28551 28578	NCDHHS Local DSS Directory	wayne-county-department-of-social-services-energy	wayne-county-department-of-social-services-emergency
	126	Wilkes County Department of Social Services	Wilkesboro		+13366517400	Energy Assistance (LIEAP / CIP); Food and Nutrition Services (FNS); Work First Emergency Assistance	electric_bill, eviction_prevention, gas_bill, reconnect_fee, rent_assistance, snap_benefits, utility_deposit	1	17	66,186	Wilkes	27020 28606 28621 28624 28635 28649 28651 28654 28659 28665 28669 28670 28676 28683 28685 28689 28697	NCDHHS Local DSS Directory	wilkes-county-department-of-social-services-energy	wilkes-county-department-of-social-services-emergency
	127	Wilson County Department of Social Services	Wilson		+12522064000	Energy Assistance (LIEAP / CIP); Food and Nutrition Services (FNS); Work First Emergency Assistance	electric_bill, eviction_prevention, gas_bill, reconnect_fee, rent_assistance, snap_benefits, utility_deposit	1	8	55,415	Wilson	78101 78113 78114 78121 78140 78147 78160 78161	NCDHHS Local DSS Directory	wilson-county-department-of-social-services-energy	wilson-county-department-of-social-services-emergency
	128	Yadkin County Department of Social Services	Yadkinville		+13368497910	Energy Assistance (LIEAP / CIP); Food and Nutrition Services (FNS); Work First Emergency Assistance	electric_bill, eviction_prevention, gas_bill, reconnect_fee, rent_assistance, snap_benefits, utility_deposit	1	6	37,995	Yadkin	27011 27018 27020 27055 28642 28689	NCDHHS Local DSS Directory	yadkin-county-department-of-social-services-energy	yadkin-county-department-of-social-services-emergency
	129	Yancey County Department of Social Services	Burnsville		+18286826148	Energy Assistance (LIEAP / CIP); Food and Nutrition Services (FNS); Work First Emergency Assistance	electric_bill, eviction_prevention, gas_bill, reconnect_fee, rent_assistance, snap_benefits, utility_deposit	1	3	18,993	Yancey	28714 28740 28754	NCDHHS Local DSS Directory	yancey-county-department-of-social-services-energy	yancey-county-department-of-social-services-emergency
	130	You Thrive Florida			+13527961425	Low-Income Home Energy Assistance Program (LIHEAP)	electric_bill, gas_bill, reconnect_fee, utility_deposit	3	59	1,031,957	Hernando; Pasco; Sumter	32159 32162 32163 33513 33514 33521 33523 33524 33525 33526 33538 33539 33540 33541 33542 33543 33544 33545 33549 33556 33558 33559 33576 33585 33597 34484 34601 34602 34603 34604 34605 34606 34607 34608 34609 34610 34611 34613 34614 34637 34638 34639 34652 34653 34654 34655 34656 34661 34667 34668 34669 34673 34674 34680 34690 34691 34692 34762 34785	FloridaCommerce LIHEAP provider list	you-thrive-florida-liheap	