	1	Agricultural and Labor Program, Inc.			+18639563491	Low-Income Home Energy Assistance Program (LIHEAP)	electric_bill, gas_bill, reconnect_fee, utility_deposit	7	69	1,035,380	Collier; Glades; Hendry; Highlands; Martin; Polk; St. Lucie	FloridaCommerce LIHEAP provider list	agricultural-and-labor-program-inc-liheap	
	2	Alamance County Department of Social Services	Burlington		+13365706532	Energy Assistance (LIEAP / CIP); Food and Nutrition Services (FNS); Work First Emergency Assistance	electric_bill, eviction_prevention, gas_bill, reconnect_fee, rent_assistance, snap_benefits, utility_deposit	1	12	183,040	Alamance	NCDHHS Local DSS Directory	alamance-county-department-of-social-services-energy	alamance-county-department-of-social-services-emergency
	3	Alexander County Department of Social Services	Taylorsville		+18286321080	Energy Assistance (LIEAP / CIP); Food and Nutrition Services (FNS); Work First Emergency Assistance	electric_bill, eviction_prevention, gas_bill, reconnect_fee, rent_assistance, snap_benefits, utility_deposit	1	4	36,693	Alexander	NCDHHS Local DSS Directory	alexander-county-department-of-social-services-energy	alexander-county-department-of-social-services-emergency
	4	Alleghany County Department of Social Services	Sparta		+13363722411	Energy Assistance (LIEAP / CIP); Food and Nutrition Services (FNS); Work First Emergency Assistance	electric_bill, eviction_prevention, gas_bill, reconnect_fee, rent_assistance, snap_benefits, utility_deposit	1	8	11,379	Alleghany	NCDHHS Local DSS Directory	alleghany-county-department-of-social-services-energy	alleghany-county-department-of-social-services-emergency
	5	Anson County Department of Social Services	Wadesboro		+17046949351	Energy Assistance (LIEAP / CIP); Food and Nutrition Services (FNS); Work First Emergency Assistance	electric_bill, eviction_prevention, gas_bill, reconnect_fee, rent_assistance, snap_benefits, utility_deposit	1	6	22,432	Anson	NCDHHS Local DSS Directory	anson-county-department-of-social-services-energy	anson-county-department-of-social-services-emergency
	6	Ashe County Department of Social Services	Jefferson		+13368465719	Energy Assistance (LIEAP / CIP); Food and Nutrition Services (FNS); Work First Emergency Assistance	electric_bill, eviction_prevention, gas_bill, reconnect_fee, rent_assistance, snap_benefits, utility_deposit	1	13	27,266	Ashe	NCDHHS Local DSS Directory	ashe-county-department-of-social-services-energy	ashe-county-department-of-social-services-emergency
	7	Avery County Department of Social Services	Newland		+18287338230	Energy Assistance (LIEAP / CIP); Food and Nutrition Services (FNS); Work First Emergency Assistance	electric_bill, eviction_prevention, gas_bill, reconnect_fee, rent_assistance, snap_benefits, utility_deposit	1	5	17,811	Avery	NCDHHS Local DSS Directory	avery-county-department-of-social-services-energy	avery-county-department-of-social-services-emergency
	8	Bay County Council on Aging, Inc.			+18502150173	Low-Income Home Energy Assistance Program (LIHEAP)	electric_bill, gas_bill, reconnect_fee, utility_deposit	1	17	199,718	Bay	FloridaCommerce LIHEAP provider list	bay-county-council-on-aging-inc-liheap	
	9	Beaufort County Department of Social Services	Washington		+12529755500	Energy Assistance (LIEAP / CIP); Food and Nutrition Services (FNS); Work First Emergency Assistance	electric_bill, eviction_prevention, gas_bill, reconnect_fee, rent_assistance, snap_benefits, utility_deposit	1	12	44,576	Beaufort	NCDHHS Local DSS Directory	beaufort-county-department-of-social-services-energy	beaufort-county-department-of-social-services-emergency
	10	Bertie County Department of Social Services			+12527945320	Energy Assistance (LIEAP / CIP); Food and Nutrition Services (FNS); Work First Emergency Assistance	electric_bill, eviction_prevention, gas_bill, reconnect_fee, rent_assistance, snap_benefits, utility_deposit	1	8	16,939	Bertie	NCDHHS Local DSS Directory	bertie-county-department-of-social-services-energy	bertie-county-department-of-social-services-emergency
	11	Bladen County Department of Social Services	Elizabethtown		+19108626800	Energy Assistance (LIEAP / CIP); Food and Nutrition Services (FNS); Work First Emergency Assistance	electric_bill, eviction_prevention, gas_bill, reconnect_fee, rent_assistance, snap_benefits, utility_deposit	1	14	29,777	Bladen	NCDHHS Local DSS Directory	bladen-county-department-of-social-services-energy	bladen-county-department-of-social-services-emergency
	12	Brevard County Department of Housing and Human Services			+13216331951	Low-Income Home Energy Assistance Program (LIHEAP)	electric_bill, gas_bill, reconnect_fee, utility_deposit	1	42	658,447	Brevard	FloridaCommerce LIHEAP provider list	brevard-county-department-of-housing-and-human-services-liheap	
	13	Broward County Department of Human Services, Community Action Agency			+19543575025	Low-Income Home Energy Assistance Program (LIHEAP)	electric_bill, gas_bill, reconnect_fee, utility_deposit	1	81	2,037,472	Broward	FloridaCommerce LIHEAP provider list	broward-county-department-of-human-services-community-action-agency-liheap	
	14	Brunswick County Department of Social Services	Bolivia		+19102532077	Energy Assistance (LIEAP / CIP); Food and Nutrition Services (FNS); Work First Emergency Assistance	electric_bill, eviction_prevention, gas_bill, reconnect_fee, rent_assistance, snap_benefits, utility_deposit	1	14	167,112	Brunswick	NCDHHS Local DSS Directory	brunswick-county-department-of-social-services-energy	brunswick-county-department-of-social-services-emergency
	15	Buncombe County Department of Social Services			+18282505500	Energy Assistance (LIEAP / CIP); Food and Nutrition Services (FNS); Work First Emergency Assistance	electric_bill, eviction_prevention, gas_bill, reconnect_fee, rent_assistance, snap_benefits, utility_deposit	1	24	279,210	Buncombe	NCDHHS Local DSS Directory	buncombe-county-department-of-social-services-energy	buncombe-county-department-of-social-services-emergency
	16	Burke County Department of Social Services	Morganton		+18287649600	Energy Assistance (LIEAP / CIP); Food and Nutrition Services (FNS); Work First Emergency Assistance	electric_bill, eviction_prevention, gas_bill, reconnect_fee, rent_assistance, snap_benefits, utility_deposit	1	11	88,545	Burke	NCDHHS Local DSS Directory	burke-county-department-of-social-services-energy	burke-county-department-of-social-services-emergency
	17	Cabarrus County Department of Social Services	Kannapolis		+17049201400	Energy Assistance (LIEAP / CIP); Food and Nutrition Services (FNS); Work First Emergency Assistance	electric_bill, eviction_prevention, gas_bill, reconnect_fee, rent_assistance, snap_benefits, utility_deposit	1	13	244,925	Cabarrus	NCDHHS Local DSS Directory	cabarrus-county-department-of-social-services-energy	cabarrus-county-department-of-social-services-emergency
	18	Caldwell County Department of Social Services				Energy Assistance (LIEAP / CIP); Food and Nutrition Services (FNS); Work First Emergency Assistance	electric_bill, eviction_prevention, gas_bill, reconnect_fee, rent_assistance, snap_benefits, utility_deposit	1	9	52,430	Caldwell	NCDHHS Local DSS Directory	caldwell-county-department-of-social-services-energy	caldwell-county-department-of-social-services-emergency
	19	Camden County Department of Social Services	Camden		+12523314787	Energy Assistance (LIEAP / CIP); Food and Nutrition Services (FNS); Work First Emergency Assistance	electric_bill, eviction_prevention, gas_bill, reconnect_fee, rent_assistance, snap_benefits, utility_deposit	1	4	11,184	Camden	NCDHHS Local DSS Directory	camden-county-department-of-social-services-energy	camden-county-department-of-social-services-emergency
	20	Capital Area Community Action Agency			+18509202511	Low-Income Home Energy Assistance Program (LIHEAP)	electric_bill, gas_bill, reconnect_fee, utility_deposit	1	4	37,115	Wakulla	FloridaCommerce LIHEAP provider list	capital-area-community-action-agency-liheap	
	21	Capital Area Community Action Agency, Inc.			+18507590824	Low-Income Home Energy Assistance Program (LIHEAP)	electric_bill, gas_bill, reconnect_fee, utility_deposit	7	59	476,569	Calhoun; Franklin; Gadsden; Gulf; Jefferson; Leon; Liberty	FloridaCommerce LIHEAP provider list	capital-area-community-action-agency-inc-liheap	
	22	Carteret County Department of Social Services	Beaufort		+12527283181	Energy Assistance (LIEAP / CIP); Food and Nutrition Services (FNS); Work First Emergency Assistance	electric_bill, eviction_prevention, gas_bill, reconnect_fee, rent_assistance, snap_benefits, utility_deposit	1	17	70,259	Carteret	NCDHHS Local DSS Directory	carteret-county-department-of-social-services-energy	carteret-county-department-of-social-services-emergency
	23	Caswell County Department of Social Services	Yanceyville		+13366944141	Energy Assistance (LIEAP / CIP); Food and Nutrition Services (FNS); Work First Emergency Assistance	electric_bill, eviction_prevention, gas_bill, reconnect_fee, rent_assistance, snap_benefits, utility_deposit	1	10	22,363	Caswell	NCDHHS Local DSS Directory	caswell-county-department-of-social-services-energy	caswell-county-department-of-social-services-emergency
	24	Catawba County Department of Social Services	Hickory		+18286955600	Energy Assistance (LIEAP / CIP); Food and Nutrition Services (FNS); Work First Emergency Assistance	electric_bill, eviction_prevention, gas_bill, reconnect_fee, rent_assistance, snap_benefits, utility_deposit	1	12	167,054	Catawba	NCDHHS Local DSS Directory	catawba-county-department-of-social-services-energy	catawba-county-department-of-social-services-emergency
	25	Central Florida Community Action Agency, Inc.			+13523737667	Low-Income Home Energy Assistance Program (LIHEAP)	electric_bill, gas_bill, reconnect_fee, utility_deposit	3	43	349,251	Alachua; Levy; Marion	FloridaCommerce LIHEAP provider list	central-florida-community-action-agency-inc-liheap	
	26	Charlotte County Department of Human Services			+19418336500	Low-Income Home Energy Assistance Program (LIHEAP)	electric_bill, gas_bill, reconnect_fee, utility_deposit	1	17	212,122	Charlotte	FloridaCommerce LIHEAP provider list	charlotte-county-department-of-human-services-liheap	
	27	Chatham County Department of Social Services	Pittsboro		+19195422759	Energy Assistance (LIEAP / CIP); Food and Nutrition Services (FNS); Work First Emergency Assistance	electric_bill, eviction_prevention, gas_bill, reconnect_fee, rent_assistance, snap_benefits, utility_deposit	1	13	83,874	Chatham	NCDHHS Local DSS Directory	chatham-county-department-of-social-services-energy	chatham-county-department-of-social-services-emergency
	28	Cherokee County Department of Social Services	Murphy		+18288377455	Energy Assistance (LIEAP / CIP); Food and Nutrition Services (FNS); Work First Emergency Assistance	electric_bill, eviction_prevention, gas_bill, reconnect_fee, rent_assistance, snap_benefits, utility_deposit	1	9	53,223	Cherokee	NCDHHS Local DSS Directory	cherokee-county-department-of-social-services-energy	cherokee-county-department-of-social-services-emergency
	29	Chowan County Department of Social Services	Edenton		+12524827441	Energy Assistance (LIEAP / CIP); Food and Nutrition Services (FNS); Work First Emergency Assistance	electric_bill, eviction_prevention, gas_bill, reconnect_fee, rent_assistance, snap_benefits, utility_deposit	1	4	13,891	Chowan	NCDHHS Local DSS Directory	chowan-county-department-of-social-services-energy	chowan-county-department-of-social-services-emergency
	30	Citrus County Division of Housing Services			+13525277520	Low-Income Home Energy Assistance Program (LIHEAP)	electric_bill, gas_bill, reconnect_fee, utility_deposit	1	22	170,174	Citrus	FloridaCommerce LIHEAP provider list	citrus-county-division-of-housing-services-liheap	
	31	Clay County Department of Social Services	Hayesville		+18283896301	Energy Assistance (LIEAP / CIP); Food and Nutrition Services (FNS); Work First Emergency Assistance	electric_bill, eviction_prevention, gas_bill, reconnect_fee, rent_assistance, snap_benefits, utility_deposit	1	8	10,730	Clay	NCDHHS Local DSS Directory	clay-county-department-of-social-services-energy	clay-county-department-of-social-services-emergency
	32	Cleveland County Department of Social Services	Shelby		+17044870661	Energy Assistance (LIEAP / CIP); Food and Nutrition Services (FNS); Work First Emergency Assistance	electric_bill, eviction_prevention, gas_bill, reconnect_fee, rent_assistance, snap_benefits, utility_deposit	1	12	102,194	Cleveland	NCDHHS Local DSS Directory	cleveland-county-department-of-social-services-energy	cleveland-county-department-of-social-services-emergency
	33	Columbus County Department of Social Services	Whiteville		+19106422800	Energy Assistance (LIEAP / CIP); Food and Nutrition Services (FNS); Work First Emergency Assistance	electric_bill, eviction_prevention, gas_bill, reconnect_fee, rent_assistance, snap_benefits, utility_deposit	1	14	50,054	Columbus	NCDHHS Local DSS Directory	columbus-county-department-of-social-services-energy	columbus-county-department-of-social-services-emergency
	34	Community Action Program Committee, Inc.			+18506072088	Low-Income Home Energy Assistance Program (LIHEAP)	electric_bill, gas_bill, reconnect_fee, utility_deposit	1	23	331,275	Escambia	FloridaCommerce LIHEAP provider list	community-action-program-committee-inc-liheap	
	35	Craven County Department of Social Services	New Bern		+12526364900	Energy Assistance (LIEAP / CIP); Food and Nutrition Services (FNS); Work First Emergency Assistance	electric_bill, eviction_prevention, gas_bill, reconnect_fee, rent_assistance, snap_benefits, utility_deposit	1	13	104,167	Craven	NCDHHS Local DSS Directory	craven-county-department-of-social-services-energy	craven-county-department-of-social-services-emergency
	36	Cumberland County Department of Social Services	Fayetteville		+19103231540	Energy Assistance (LIEAP / CIP); Food and Nutrition Services (FNS); Work First Emergency Assistance	electric_bill, eviction_prevention, gas_bill, reconnect_fee, rent_assistance, snap_benefits, utility_deposit	1	22	338,430	Cumberland	NCDHHS Local DSS Directory	cumberland-county-department-of-social-services-energy	cumberland-county-department-of-social-services-emergency
	37	Currituck County Department of Social Services	Currituck		+12522323083	Energy Assistance (LIEAP / CIP); Food and Nutrition Services (FNS); Work First Emergency Assistance	electric_bill, eviction_prevention, gas_bill, reconnect_fee, rent_assistance, snap_benefits, utility_deposit	1	15	32,278	Currituck	NCDHHS Local DSS Directory	currituck-county-department-of-social-services-energy	currituck-county-department-of-social-services-emergency
	38	Dare County Department of Social Services	Manteo		+12524755500	Energy Assistance (LIEAP / CIP); Food and Nutrition Services (FNS); Work First Emergency Assistance	electric_bill, eviction_prevention, gas_bill, reconnect_fee, rent_assistance, snap_benefits, utility_deposit	1	8	38,183	Dare	NCDHHS Local DSS Directory	dare-county-department-of-social-services-energy	dare-county-department-of-social-services-emergency
	39	Davidson County Department of Social Services	Lexington		+13362422500	Energy Assistance (LIEAP / CIP); Food and Nutrition Services (FNS); Work First Emergency Assistance	electric_bill, eviction_prevention, gas_bill, reconnect_fee, rent_assistance, snap_benefits, utility_deposit	1	12	177,809	Davidson	NCDHHS Local DSS Directory	davidson-county-department-of-social-services-energy	davidson-county-department-of-social-services-emergency
	40	Davie County Department of Social Services	Mocksville		+13367536250	Energy Assistance (LIEAP / CIP); Food and Nutrition Services (FNS); Work First Emergency Assistance	electric_bill, eviction_prevention, gas_bill, reconnect_fee, rent_assistance, snap_benefits, utility_deposit	1	3	45,383	Davie	NCDHHS Local DSS Directory	davie-county-department-of-social-services-energy	davie-county-department-of-social-services-emergency
	41	Desoto County Board of Commissioners			+18639934858	Low-Income Home Energy Assistance Program (LIHEAP)	electric_bill, gas_bill, reconnect_fee, utility_deposit	1	2	36,744	DeSoto	FloridaCommerce LIHEAP provider list	desoto-county-board-of-commissioners-liheap	
	42	Duplin County Department of Social Services	Kenansville		+19102962200	Energy Assistance (LIEAP / CIP); Food and Nutrition Services (FNS); Work First Emergency Assistance	electric_bill, eviction_prevention, gas_bill, reconnect_fee, rent_assistance, snap_benefits, utility_deposit	1	14	50,539	Duplin	NCDHHS Local DSS Directory	duplin-county-department-of-social-services-energy	duplin-county-department-of-social-services-emergency
	43	Durham County Department of Social Services	Durham		+19195608000	Energy Assistance (LIEAP / CIP); Food and Nutrition Services (FNS); Work First Emergency Assistance	electric_bill, eviction_prevention, gas_bill, reconnect_fee, rent_assistance, snap_benefits, utility_deposit	1	16	343,628	Durham	NCDHHS Local DSS Directory	durham-county-department-of-social-services-energy	durham-county-department-of-social-services-emergency
	44	Economic Opportunities Council of Indian River County, Inc.			+17725624177	Low-Income Home Energy Assistance Program (LIHEAP)	electric_bill, gas_bill, reconnect_fee, utility_deposit	2	19	214,508	Indian River; Okeechobee	FloridaCommerce LIHEAP provider list	economic-opportunities-council-of-indian-river-county-inc-liheap	
	45	Edgecombe County Department of Social Services	Tarboro		+12526417611	Energy Assistance (LIEAP / CIP); Food and Nutrition Services (FNS); Work First Emergency Assistance	electric_bill, eviction_prevention, gas_bill, reconnect_fee, rent_assistance, snap_benefits, utility_deposit	1	11	49,124	Edgecombe	NCDHHS Local DSS Directory	edgecombe-county-department-of-social-services-energy	edgecombe-county-department-of-social-services-emergency
	46	FloridaCommerce (state administers LIHEAP directly)			+18507178450	Low-Income Home Energy Assistance Program (LIHEAP)	electric_bill, gas_bill, reconnect_fee, utility_deposit	1	26	494,605	Seminole	FloridaCommerce LIHEAP provider list	floridacommerce-state-administers-liheap-directly-liheap	
	47	Forsyth County Department of Social Services	Winston-Salem		+13367033800	Energy Assistance (LIEAP / CIP); Food and Nutrition Services (FNS); Work First Emergency Assistance	electric_bill, eviction_prevention, gas_bill, reconnect_fee, rent_assistance, snap_benefits, utility_deposit	1	28	398,143	Forsyth	NCDHHS Local DSS Directory	forsyth-county-department-of-social-services-energy	forsyth-county-department-of-social-services-emergency
	48	Franklin County Department of Social Services	Louisburg		+19194965721	Energy Assistance (LIEAP / CIP); Food and Nutrition Services (FNS); Work First Emergency Assistance	electric_bill, eviction_prevention, gas_bill, reconnect_fee, rent_assistance, snap_benefits, utility_deposit	1	6	10,912	Franklin	NCDHHS Local DSS Directory	franklin-county-department-of-social-services-energy	franklin-county-department-of-social-services-emergency
	49	Gaston County Department of Social Services	Gastonia		+17048627500	Energy Assistance (LIEAP / CIP); Food and Nutrition Services (FNS); Work First Emergency Assistance	electric_bill, eviction_prevention, gas_bill, reconnect_fee, rent_assistance, snap_benefits, utility_deposit	1	19	242,010	Gaston	NCDHHS Local DSS Directory	gaston-county-department-of-social-services-energy	gaston-county-department-of-social-services-emergency
	50	Gates County Department of Social Services	Gatesville		+12523570075	Energy Assistance (LIEAP / CIP); Food and Nutrition Services (FNS); Work First Emergency Assistance	electric_bill, eviction_prevention, gas_bill, reconnect_fee, rent_assistance, snap_benefits, utility_deposit	1	7	10,299	Gates	NCDHHS Local DSS Directory	gates-county-department-of-social-services-energy	gates-county-department-of-social-services-emergency
	51	Graham County Department of Social Services	Robbinsville		+18284797911	Energy Assistance (LIEAP / CIP); Food and Nutrition Services (FNS); Work First Emergency Assistance	electric_bill, eviction_prevention, gas_bill, reconnect_fee, rent_assistance, snap_benefits, utility_deposit	1	3	8,179	Graham	NCDHHS Local DSS Directory	graham-county-department-of-social-services-energy	graham-county-department-of-social-services-emergency
	52	Granville County Department of Social Services			+19196931511	Energy Assistance (LIEAP / CIP); Food and Nutrition Services (FNS); Work First Emergency Assistance	electric_bill, eviction_prevention, gas_bill, reconnect_fee, rent_assistance, snap_benefits, utility_deposit	1	8	61,544	Granville	NCDHHS Local DSS Directory	granville-county-department-of-social-services-energy	granville-county-department-of-social-services-emergency
	53	Greene County Department of Social Services	Snow Hill		+12527475932	Energy Assistance (LIEAP / CIP); Food and Nutrition Services (FNS); Work First Emergency Assistance	electric_bill, eviction_prevention, gas_bill, reconnect_fee, rent_assistance, snap_benefits, utility_deposit	1	7	20,671	Greene	NCDHHS Local DSS Directory	greene-county-department-of-social-services-energy	greene-county-department-of-social-services-emergency
	54	Guilford County Department of Social Services	Greensboro		+13366413000	Energy Assistance (LIEAP / CIP); Food and Nutrition Services (FNS); Work First Emergency Assistance	electric_bill, eviction_prevention, gas_bill, reconnect_fee, rent_assistance, snap_benefits, utility_deposit	1	40	558,816	Guilford	NCDHHS Local DSS Directory	guilford-county-department-of-social-services-energy	guilford-county-department-of-social-services-emergency
	55	Halifax County Department of Social Services	Halifax		+12525362511	Energy Assistance (LIEAP / CIP); Food and Nutrition Services (FNS); Work First Emergency Assistance	electric_bill, eviction_prevention, gas_bill, reconnect_fee, rent_assistance, snap_benefits, utility_deposit	1	8	46,992	Halifax	NCDHHS Local DSS Directory	halifax-county-department-of-social-services-energy	halifax-county-department-of-social-services-emergency
	56	Harnett County Department of Social Services	Lillington		+19108937500	Energy Assistance (LIEAP / CIP); Food and Nutrition Services (FNS); Work First Emergency Assistance	electric_bill, eviction_prevention, gas_bill, reconnect_fee, rent_assistance, snap_benefits, utility_deposit	1	13	146,096	Harnett	NCDHHS Local DSS Directory	harnett-county-department-of-social-services-energy	harnett-county-department-of-social-services-emergency
	57	Haywood County Department of Social Services	Clyde		+18284526620	Energy Assistance (LIEAP / CIP); Food and Nutrition Services (FNS); Work First Emergency Assistance	electric_bill, eviction_prevention, gas_bill, reconnect_fee, rent_assistance, snap_benefits, utility_deposit	1	7	63,048	Haywood	NCDHHS Local DSS Directory	haywood-county-department-of-social-services-energy	haywood-county-department-of-social-services-emergency
	58	Henderson County Department of Social Services			+18286975500	Energy Assistance (LIEAP / CIP); Food and Nutrition Services (FNS); Work First Emergency Assistance	electric_bill, eviction_prevention, gas_bill, reconnect_fee, rent_assistance, snap_benefits, utility_deposit	1	13	87,467	Henderson	NCDHHS Local DSS Directory	henderson-county-department-of-social-services-energy	henderson-county-department-of-social-services-emergency
	59	Hertford County Department of Social Services	Winton		+12523587830	Energy Assistance (LIEAP / CIP); Food and Nutrition Services (FNS); Work First Emergency Assistance	electric_bill, eviction_prevention, gas_bill, reconnect_fee, rent_assistance, snap_benefits, utility_deposit	1	8	19,169	Hertford	NCDHHS Local DSS Directory	hertford-county-department-of-social-services-energy	hertford-county-department-of-social-services-emergency
	60	Hillsborough County Social Services Department			+18132725220	Low-Income Home Energy Assistance Program (LIHEAP)	electric_bill, gas_bill, reconnect_fee, utility_deposit	1	81	1,581,426	Hillsborough	FloridaCommerce LIHEAP provider list	hillsborough-county-social-services-department-liheap	
	61	Hoke County Department of Social Services	Raeford		+19108758725	Energy Assistance (LIEAP / CIP); Food and Nutrition Services (FNS); Work First Emergency Assistance	electric_bill, eviction_prevention, gas_bill, reconnect_fee, rent_assistance, snap_benefits, utility_deposit	1	5	55,382	Hoke	NCDHHS Local DSS Directory	hoke-county-department-of-social-services-energy	hoke-county-department-of-social-services-emergency
	62	Hyde County Department of Social Services	Engelhard		+12529264199	Energy Assistance (LIEAP / CIP); Food and Nutrition Services (FNS); Work First Emergency Assistance	electric_bill, eviction_prevention, gas_bill, reconnect_fee, rent_assistance, snap_benefits, utility_deposit	1	6	4,583	Hyde	NCDHHS Local DSS Directory	hyde-county-department-of-social-services-energy	hyde-county-department-of-social-services-emergency
	63	Iredell County Department of Social Services	Statesville		+17048735631	Energy Assistance (LIEAP / CIP); Food and Nutrition Services (FNS); Work First Emergency Assistance	electric_bill, eviction_prevention, gas_bill, reconnect_fee, rent_assistance, snap_benefits, utility_deposit	1	14	206,361	Iredell	NCDHHS Local DSS Directory	iredell-county-department-of-social-services-energy	iredell-county-department-of-social-services-emergency
	64	Jackson County Department of Social Services	Sylva		+18285865546	Energy Assistance (LIEAP / CIP); Food and Nutrition Services (FNS); Work First Emergency Assistance	electric_bill, eviction_prevention, gas_bill, reconnect_fee, rent_assistance, snap_benefits, utility_deposit	1	8	15,284	Jackson	NCDHHS Local DSS Directory	jackson-county-department-of-social-services-energy	jackson-county-department-of-social-services-emergency
	65	Jackson County Senior Citizens Org. Inc.			+18502634650	Low-Income Home Energy Assistance Program (LIHEAP)	electric_bill, gas_bill, reconnect_fee, utility_deposit	1	8	15,284	Jackson	FloridaCommerce LIHEAP provider list	jackson-county-senior-citizens-org-inc-liheap	
	66	Johnston County Department of Social Services	Smithfield		+19199895300	Energy Assistance (LIEAP / CIP); Food and Nutrition Services (FNS); Work First Emergency Assistance	electric_bill, eviction_prevention, gas_bill, reconnect_fee, rent_assistance, snap_benefits, utility_deposit	1	19	249,794	Johnston	NCDHHS Local DSS Directory	johnston-county-department-of-social-services-energy	johnston-county-department-of-social-services-emergency
	67	Jones County Department of Social Services	Trenton		+12524482581	Energy Assistance (LIEAP / CIP); Food and Nutrition Services (FNS); Work First Emergency Assistance	electric_bill, eviction_prevention, gas_bill, reconnect_fee, rent_assistance, snap_benefits, utility_deposit	1	10	20,850	Jones	NCDHHS Local DSS Directory	jones-county-department-of-social-services-energy	jones-county-department-of-social-services-emergency
	68	Lake Community Action Agency, Inc.			+13524340554	Low-Income Home Energy Assistance Program (LIHEAP)	electric_bill, gas_bill, reconnect_fee, utility_deposit	1	35	444,204	Lake	FloridaCommerce LIHEAP provider list	lake-community-action-agency-inc-liheap	
	69	Lee County Department of Human Services			+12395337900	Low-Income Home Energy Assistance Program (LIHEAP)	electric_bill, gas_bill, reconnect_fee, utility_deposit	1	7	18,451	Lee	FloridaCommerce LIHEAP provider list	lee-county-department-of-human-services-liheap	
	70	Lee County Department of Social Services	Sanford		+19197184690	Energy Assistance (LIEAP / CIP); Food and Nutrition Services (FNS); Work First Emergency Assistance	electric_bill, eviction_prevention, gas_bill, reconnect_fee, rent_assistance, snap_benefits, utility_deposit	1	7	18,451	Lee	NCDHHS Local DSS Directory	lee-county-department-of-social-services-energy	lee-county-department-of-social-services-emergency
	71	Lenoir County Department of Social Services	Kinston		+12525596400	Energy Assistance (LIEAP / CIP); Food and Nutrition Services (FNS); Work First Emergency Assistance	electric_bill, eviction_prevention, gas_bill, reconnect_fee, rent_assistance, snap_benefits, utility_deposit	1	8	55,332	Lenoir	NCDHHS Local DSS Directory	lenoir-county-department-of-social-services-energy	lenoir-county-department-of-social-services-emergency
	72	Lincoln County Department of Social Services	Lincolnton		+17047320738	Energy Assistance (LIEAP / CIP); Food and Nutrition Services (FNS); Work First Emergency Assistance	electric_bill, eviction_prevention, gas_bill, reconnect_fee, rent_assistance, snap_benefits, utility_deposit	1	10	97,611	Lincoln	NCDHHS Local DSS Directory	lincoln-county-department-of-social-services-energy	lincoln-county-department-of-social-services-emergency
	73	Macon County Department of Social Services	Franklin		+18283492124	Energy Assistance (LIEAP / CIP); Food and Nutrition Services (FNS); Work First Emergency Assistance	electric_bill, eviction_prevention, gas_bill, reconnect_fee, rent_assistance, snap_benefits, utility_deposit	1	6	38,717	Macon	NCDHHS Local DSS Directory	macon-county-department-of-social-services-energy	macon-county-department-of-social-services-emergency
	74	Madison County Department of Social Services	Marshall		+18286499498	Energy Assistance (LIEAP / CIP); Food and Nutrition Services (FNS); Work First Emergency Assistance	electric_bill, eviction_prevention, gas_bill, reconnect_fee, rent_assistance, snap_benefits, utility_deposit	1	4	13,877	Madison	NCDHHS Local DSS Directory	madison-county-department-of-social-services-energy	madison-county-department-of-social-services-emergency
	75	Martin County Department of Social Services	Williamston		+12527894400	Energy Assistance (LIEAP / CIP); Food and Nutrition Services (FNS); Work First Emergency Assistance	electric_bill, eviction_prevention, gas_bill, reconnect_fee, rent_assistance, snap_benefits, utility_deposit	1	3	5,179	Martin	NCDHHS Local DSS Directory	martin-county-department-of-social-services-energy	martin-county-department-of-social-services-emergency
	76	McDowell County Department of Social Services	Marion		+18286523355	Energy Assistance (LIEAP / CIP); Food and Nutrition Services (FNS); Work First Emergency Assistance	electric_bill, eviction_prevention, gas_bill, reconnect_fee, rent_assistance, snap_benefits, utility_deposit	1	5	45,269	McDowell	NCDHHS Local DSS Directory	mcdowell-county-department-of-social-services-energy	mcdowell-county-department-of-social-services-emergency
	77	Mecklenburg County Department of Social Services	Charlotte		+17043363000	Energy Assistance (LIEAP / CIP); Food and Nutrition Services (FNS); Work First Emergency Assistance	electric_bill, eviction_prevention, gas_bill, reconnect_fee, rent_assistance, snap_benefits, utility_deposit	1	55	1,206,285	Mecklenburg	NCDHHS Local DSS Directory	mecklenburg-county-department-of-social-services-energy	mecklenburg-county-department-of-social-services-emergency
	78	Miami-Dade County Community Action Agency			+17864694640	Low-Income Home Energy Assistance Program (LIHEAP)	electric_bill, gas_bill, reconnect_fee, utility_deposit	1	114	2,838,461	Miami-Dade	FloridaCommerce LIHEAP provider list	miami-dade-county-community-action-agency-liheap	
	79	Mitchell County Department of Social Services	Bakersville		+18286882175	Energy Assistance (LIEAP / CIP); Food and Nutrition Services (FNS); Work First Emergency Assistance	electric_bill, eviction_prevention, gas_bill, reconnect_fee, rent_assistance, snap_benefits, utility_deposit	1	3	8,968	Mitchell	NCDHHS Local DSS Directory	mitchell-county-department-of-social-services-energy	mitchell-county-department-of-social-services-emergency
	80	Monroe County Board of County Commissioners			+13052924408	Low-Income Home Energy Assistance Program (LIHEAP)	electric_bill, gas_bill, reconnect_fee, utility_deposit	1	12	80,908	Monroe	FloridaCommerce LIHEAP provider list	monroe-county-board-of-county-commissioners-liheap	
	81	Montgomery County Department of Social Services	Troy		+19105766531	Energy Assistance (LIEAP / CIP); Food and Nutrition Services (FNS); Work First Emergency Assistance	electric_bill, eviction_prevention, gas_bill, reconnect_fee, rent_assistance, snap_benefits, utility_deposit	1	28	749,613	Montgomery	NCDHHS Local DSS Directory	montgomery-county-department-of-social-services-energy	montgomery-county-department-of-social-services-emergency
	82	Moore County Department of Social Services	Carthage		+19109472436	Energy Assistance (LIEAP / CIP); Food and Nutrition Services (FNS); Work First Emergency Assistance	electric_bill, eviction_prevention, gas_bill, reconnect_fee, rent_assistance, snap_benefits, utility_deposit	1	5	21,872	Moore	NCDHHS Local DSS Directory	moore-county-department-of-social-services-energy	moore-county-department-of-social-services-emergency
	83	Nash County Department of Social Services			+12524599818	Energy Assistance (LIEAP / CIP); Food and Nutrition Services (FNS); Work First Emergency Assistance	electric_bill, eviction_prevention, gas_bill, reconnect_fee, rent_assistance, snap_benefits, utility_deposit	1	11	97,990	Nash	NCDHHS Local DSS Directory	nash-county-department-of-social-services-energy	nash-county-department-of-social-services-emergency
	84	New Hanover County Department of Social Services	Wilmington		+19107983500	Energy Assistance (LIEAP / CIP); Food and Nutrition Services (FNS); Work First Emergency Assistance	electric_bill, eviction_prevention, gas_bill, reconnect_fee, rent_assistance, snap_benefits, utility_deposit	1	14	243,333	New Hanover	NCDHHS Local DSS Directory	new-hanover-county-department-of-social-services-energy	new-hanover-county-department-of-social-services-emergency
	85	Northampton County Department of Social Services	Jackson		+12525345811	Energy Assistance (LIEAP / CIP); Food and Nutrition Services (FNS); Work First Emergency Assistance	electric_bill, eviction_prevention, gas_bill, reconnect_fee, rent_assistance, snap_benefits, utility_deposit	1	12	16,580	Northampton	NCDHHS Local DSS Directory	northampton-county-department-of-social-services-energy	northampton-county-department-of-social-services-emergency
	86	Northeast Florida Community Action Agency, Inc.			+19042594481	Low-Income Home Energy Assistance Program (LIHEAP)	electric_bill, gas_bill, reconnect_fee, utility_deposit	7	56	702,989	Baker; Clay; Duval; Flagler; Nassau; Putnam; St. Johns	FloridaCommerce LIHEAP provider list	northeast-florida-community-action-agency-inc-liheap	
	87	Onslow County Department of Social Services	Jacksonville		+19104554145	Energy Assistance (LIEAP / CIP); Food and Nutrition Services (FNS); Work First Emergency Assistance	electric_bill, eviction_prevention, gas_bill, reconnect_fee, rent_assistance, snap_benefits, utility_deposit	1	18	212,954	Onslow	NCDHHS Local DSS Directory	onslow-county-department-of-social-services-energy	onslow-county-department-of-social-services-emergency
	88	Orange County Department of Social Services	Hillsborough		+19192452800	Energy Assistance (LIEAP / CIP); Food and Nutrition Services (FNS); Work First Emergency Assistance	electric_bill, eviction_prevention, gas_bill, reconnect_fee, rent_assistance, snap_benefits, utility_deposit	1	7	86,115	Orange	NCDHHS Local DSS Directory	orange-county-department-of-social-services-energy	orange-county-department-of-social-services-emergency
	89	Orange County Youth and Family Services Division			+14078367429	Low-Income Home Energy Assistance Program (LIHEAP)	electric_bill, gas_bill, reconnect_fee, utility_deposit	1	7	86,115	Orange	FloridaCommerce LIHEAP provider list	orange-county-youth-and-family-services-division-liheap	
	90	Osceola County Council on Aging, Inc			+14078468532	Low-Income Home Energy Assistance Program (LIHEAP)	electric_bill, gas_bill, reconnect_fee, utility_deposit	1	18	468,058	Osceola	FloridaCommerce LIHEAP provider list	osceola-county-council-on-aging-inc-liheap	
	91	Palm Beach County			+15613554792	Low-Income Home Energy Assistance Program (LIHEAP)	electric_bill, gas_bill, reconnect_fee, utility_deposit	1	72	1,582,055	Palm Beach	FloridaCommerce LIHEAP provider list	palm-beach-county-liheap	
	92	Pamlico County Department of Social Services	Bayboro		+12527454086	Energy Assistance (LIEAP / CIP); Food and Nutrition Services (FNS); Work First Emergency Assistance	electric_bill, eviction_prevention, gas_bill, reconnect_fee, rent_assistance, snap_benefits, utility_deposit	1	9	12,550	Pamlico	NCDHHS Local DSS Directory	pamlico-county-department-of-social-services-energy	pamlico-county-department-of-social-services-emergency
	93	Pasquotank County Department of Social Services	Elizabeth City		+12523382126	Energy Assistance (LIEAP / CIP); Food and Nutrition Services (FNS); Work First Emergency Assistance	electric_bill, eviction_prevention, gas_bill, reconnect_fee, rent_assistance, snap_benefits, utility_deposit	1	3	41,418	Pasquotank	NCDHHS Local DSS Directory	pasquotank-county-department-of-social-services-energy	pasquotank-county-department-of-social-services-emergency
	94	Pender County Department of Social Services	Burgaw		+19102591240	Energy Assistance (LIEAP / CIP); Food and Nutrition Services (FNS); Work First Emergency Assistance	electric_bill, eviction_prevention, gas_bill, reconnect_fee, rent_assistance, snap_benefits, utility_deposit	1	12	70,077	Pender	NCDHHS Local DSS Directory	pender-county-department-of-social-services-energy	pender-county-department-of-social-services-emergency
	95	Perquimans County Department of Social Services	Hertford		+12524267373	Energy Assistance (LIEAP / CIP); Food and Nutrition Services (FNS); Work First Emergency Assistance	electric_bill, eviction_prevention, gas_bill, reconnect_fee, rent_assistance, snap_benefits, utility_deposit	1	3	13,460	Perquimans	NCDHHS Local DSS Directory	perquimans-county-department-of-social-services-energy	perquimans-county-department-of-social-services-emergency
	96	Person County Department of Social Services	Roxboro		+13365998361	Energy Assistance (LIEAP / CIP); Food and Nutrition Services (FNS); Work First Emergency Assistance	electric_bill, eviction_prevention, gas_bill, reconnect_fee, rent_assistance, snap_benefits, utility_deposit	1	7	40,143	Person	NCDHHS Local DSS Directory	person-county-department-of-social-services-energy	person-county-department-of-social-services-emergency
	97	Pinellas County Urban League, Inc.			+17273270977	Low-Income Home Energy Assistance Program (LIHEAP)	electric_bill, gas_bill, reconnect_fee, utility_deposit	1	69	965,870	Pinellas	FloridaCommerce LIHEAP provider list	pinellas-county-urban-league-inc-liheap	
	98	Pitt County Department of Social Services	Greenville		+12529021110	Energy Assistance (LIEAP / CIP); Food and Nutrition Services (FNS); Work First Emergency Assistance	electric_bill, eviction_prevention, gas_bill, reconnect_fee, rent_assistance, snap_benefits, utility_deposit	1	17	180,783	Pitt	NCDHHS Local DSS Directory	pitt-county-department-of-social-services-energy	pitt-county-department-of-social-services-emergency
	99	Polk County Department of Social Services			+18288942100	Energy Assistance (LIEAP / CIP); Food and Nutrition Services (FNS); Work First Emergency Assistance	electric_bill, eviction_prevention, gas_bill, reconnect_fee, rent_assistance, snap_benefits, utility_deposit	1	7	54,258	Polk	NCDHHS Local DSS Directory	polk-county-department-of-social-services-energy	polk-county-department-of-social-services-emergency
	100	Randolph County Department of Social Services	Asheboro			Energy Assistance (LIEAP / CIP); Food and Nutrition Services (FNS); Work First Emergency Assistance	electric_bill, eviction_prevention, gas_bill, reconnect_fee, rent_assistance, snap_benefits, utility_deposit	1	16	148,389	Randolph	NCDHHS Local DSS Directory	randolph-county-department-of-social-services-energy	randolph-county-department-of-social-services-emergency
	101	Richmond County Department of Social Services	Rockingham		+19109978480	Energy Assistance (LIEAP / CIP); Food and Nutrition Services (FNS); Work First Emergency Assistance	electric_bill, eviction_prevention, gas_bill, reconnect_fee, rent_assistance, snap_benefits, utility_deposit	1	8	41,990	Richmond	NCDHHS Local DSS Directory	richmond-county-department-of-social-services-energy	richmond-county-department-of-social-services-emergency
	102	Robeson County Department of Social Services	Lumberton		+19106713500	Energy Assistance (LIEAP / CIP); Food and Nutrition Services (FNS); Work First Emergency Assistance	electric_bill, eviction_prevention, gas_bill, reconnect_fee, rent_assistance, snap_benefits, utility_deposit	1	13	118,624	Robeson	NCDHHS Local DSS Directory	robeson-county-department-of-social-services-energy	robeson-county-department-of-social-services-emergency
	103	Rockingham County Department of Social Services	Wentworth		+13363421394	Energy Assistance (LIEAP / CIP); Food and Nutrition Services (FNS); Work First Emergency Assistance	electric_bill, eviction_prevention, gas_bill, reconnect_fee, rent_assistance, snap_benefits, utility_deposit	1	11	93,517	Rockingham	NCDHHS Local DSS Directory	rockingham-county-department-of-social-services-energy	rockingham-county-department-of-social-services-emergency
	104	Rowan County Department of Social Services	Salisbury		+17042168330	Energy Assistance (LIEAP / CIP); Food and Nutrition Services (FNS); Work First Emergency Assistance	electric_bill, eviction_prevention, gas_bill, reconnect_fee, rent_assistance, snap_benefits, utility_deposit	1	19	153,384	Rowan	NCDHHS Local DSS Directory	rowan-county-department-of-social-services-energy	rowan-county-department-of-social-services-emergency
	105	Rutherford County Department of Social Services	Spindale		+18282876165	Energy Assistance (LIEAP / CIP); Food and Nutrition Services (FNS); Work First Emergency Assistance	electric_bill, eviction_prevention, gas_bill, reconnect_fee, rent_assistance, snap_benefits, utility_deposit	1	10	65,587	Rutherford	NCDHHS Local DSS Directory	rutherford-county-department-of-social-services-energy	rutherford-county-department-of-social-services-emergency
	106	Sampson County Department of Social Services	Clinton		+19105927131	Energy Assistance (LIEAP / CIP); Food and Nutrition Services (FNS); Work First Emergency Assistance	electric_bill, eviction_prevention, gas_bill, reconnect_fee, rent_assistance, snap_benefits, utility_deposit	1	16	60,404	Sampson	NCDHHS Local DSS Directory	sampson-county-department-of-social-services-energy	sampson-county-department-of-social-services-emergency
	107	Scotland County Department of Social Services	Laurinburg		+19102772500	Energy Assistance (LIEAP / CIP); Food and Nutrition Services (FNS); Work First Emergency Assistance	electric_bill, eviction_prevention, gas_bill, reconnect_fee, rent_assistance, snap_benefits, utility_deposit	1	6	33,898	Scotland	NCDHHS Local DSS Directory	scotland-county-department-of-social-services-energy	scotland-county-department-of-social-services-emergency
	108	Stanly County Department of Social Services	Albemarle		+17049826100	Energy Assistance (LIEAP / CIP); Food and Nutrition Services (FNS); Work First Emergency Assistance	electric_bill, eviction_prevention, gas_bill, reconnect_fee, rent_assistance, snap_benefits, utility_deposit	1	11	67,326	Stanly	NCDHHS Local DSS Directory	stanly-county-department-of-social-services-energy	stanly-county-department-of-social-services-emergency
	109	Step Up Suncoast, Inc.			+19418270188	Low-Income Home Energy Assistance Program (LIHEAP)	electric_bill, gas_bill, reconnect_fee, utility_deposit	2	30	484,420	Hardee; Manatee	FloridaCommerce LIHEAP provider list	step-up-suncoast-inc-liheap	
	110	Stokes County Department of Social Services	Danbury		+13365932861	Energy Assistance (LIEAP / CIP); Food and Nutrition Services (FNS); Work First Emergency Assistance	electric_bill, eviction_prevention, gas_bill, reconnect_fee, rent_assistance, snap_benefits, utility_deposit	1	12	45,857	Stokes	NCDHHS Local DSS Directory	stokes-county-department-of-social-services-energy	stokes-county-department-of-social-services-emergency
	111	Surry County Department of Social Services	Dobson		+13364018700	Energy Assistance (LIEAP / CIP); Food and Nutrition Services (FNS); Work First Emergency Assistance	electric_bill, eviction_prevention, gas_bill, reconnect_fee, rent_assistance, snap_benefits, utility_deposit	1	12	71,547	Surry	NCDHHS Local DSS Directory	surry-county-department-of-social-services-energy	surry-county-department-of-social-services-emergency
	112	Suwannee River Economic Council, Inc.			+19049646696	Low-Income Home Energy Assistance Program (LIHEAP)	electric_bill, gas_bill, reconnect_fee, utility_deposit	10	66	630,795	Bradford; Columbia; Dixie; Gilchrist; Hamilton; Lafayette; Madison; Suwannee; Taylor; Union	FloridaCommerce LIHEAP provider list	suwannee-river-economic-council-inc-liheap	
	113	Swain County Department of Social Services	Bryson City		+18284886921	Energy Assistance (LIEAP / CIP); Food and Nutrition Services (FNS); Work First Emergency Assistance	electric_bill, eviction_prevention, gas_bill, reconnect_fee, rent_assistance, snap_benefits, utility_deposit	1	3	13,945	Swain	NCDHHS Local DSS Directory	swain-county-department-of-social-services-energy	swain-county-department-of-social-services-emergency
	114	The Salvation Army			+19419544673	Low-Income Home Energy Assistance Program (LIHEAP)	electric_bill, gas_bill, reconnect_fee, utility_deposit	1	33	476,604	Sarasota	FloridaCommerce LIHEAP provider list	the-salvation-army-liheap	
	115	Transylvania County Department of Social Services	Brevard		+18288843174	Energy Assistance (LIEAP / CIP); Food and Nutrition Services (FNS); Work First Emergency Assistance	electric_bill, eviction_prevention, gas_bill, reconnect_fee, rent_assistance, snap_benefits, utility_deposit	1	9	34,103	Transylvania	NCDHHS Local DSS Directory	transylvania-county-department-of-social-services-energy	transylvania-county-department-of-social-services-emergency
	116	Tri-County Community Council, Inc			+18505474263	Low-Income Home Energy Assistance Program (LIHEAP)	electric_bill, gas_bill, reconnect_fee, utility_deposit	5	45	575,488	Holmes; Okaloosa; Santa Rosa; Walton; Washington	FloridaCommerce LIHEAP provider list	tri-county-community-council-inc-liheap	
	117	Tyrrell County Department of Social Services	Columbia		+12527963421	Energy Assistance (LIEAP / CIP); Food and Nutrition Services (FNS); Work First Emergency Assistance	electric_bill, eviction_prevention, gas_bill, reconnect_fee, rent_assistance, snap_benefits, utility_deposit	1	3	3,517	Tyrrell	NCDHHS Local DSS Directory	tyrrell-county-department-of-social-services-energy	tyrrell-county-department-of-social-services-emergency
	118	Union County Department of Social Services			+17042964300	Energy Assistance (LIEAP / CIP); Food and Nutrition Services (FNS); Work First Emergency Assistance	electric_bill, eviction_prevention, gas_bill, reconnect_fee, rent_assistance, snap_benefits, utility_deposit	1	9	263,386	Union	NCDHHS Local DSS Directory	union-county-department-of-social-services-energy	union-county-department-of-social-services-emergency
	119	Vance County Department of Social Services	Henderson		+12524925001	Energy Assistance (LIEAP / CIP); Food and Nutrition Services (FNS); Work First Emergency Assistance	electric_bill, eviction_prevention, gas_bill, reconnect_fee, rent_assistance, snap_benefits, utility_deposit	1	5	42,337	Vance	NCDHHS Local DSS Directory	vance-county-department-of-social-services-energy	vance-county-department-of-social-services-emergency
	120	Volusia County Community Assistance Division			+13867365956	Low-Income Home Energy Assistance Program (LIHEAP)	electric_bill, gas_bill, reconnect_fee, utility_deposit	1	43	602,772	Volusia	FloridaCommerce LIHEAP provider list	volusia-county-community-assistance-division-liheap	
	121	Wake County Department of Social Services	Raleigh		+19192127000	Energy Assistance (LIEAP / CIP); Food and Nutrition Services (FNS); Work First Emergency Assistance	electric_bill, eviction_prevention, gas_bill, reconnect_fee, rent_assistance, snap_benefits, utility_deposit	1	49	1,232,444	Wake	NCDHHS Local DSS Directory	wake-county-department-of-social-services-energy	wake-county-department-of-social-services-emergency
	122	Warren County Department of Social Services	Warrenton		+12522575000	Energy Assistance (LIEAP / CIP); Food and Nutrition Services (FNS); Work First Emergency Assistance	electric_bill, eviction_prevention, gas_bill, reconnect_fee, rent_assistance, snap_benefits, utility_deposit	1	7	19,081	Warren	NCDHHS Local DSS Directory	warren-county-department-of-social-services-energy	warren-county-department-of-social-services-emergency
	123	Washington County Department of Social Services	Plymouth		+12527934041	Energy Assistance (LIEAP / CIP); Food and Nutrition Services (FNS); Work First Emergency Assistance	electric_bill, eviction_prevention, gas_bill, reconnect_fee, rent_assistance, snap_benefits, utility_deposit	1	7	37,810	Washington	NCDHHS Local DSS Directory	washington-county-department-of-social-services-energy	washington-county-department-of-social-services-emergency
	124	Watauga County Department of Social Services	Boone		+18282658100	Energy Assistance (LIEAP / CIP); Food and Nutrition Services (FNS); Work First Emergency Assistance	electric_bill, eviction_prevention, gas_bill, reconnect_fee, rent_assistance, snap_benefits, utility_deposit	1	8	54,997	Watauga	NCDHHS Local DSS Directory	watauga-county-department-of-social-services-energy	watauga-county-department-of-social-services-emergency
	125	Wayne County Department of Social Services	Goldsboro		+19195804034	Energy Assistance (LIEAP / CIP); Food and Nutrition Services (FNS); Work First Emergency Assistance	electric_bill, eviction_prevention, gas_bill, reconnect_fee, rent_assistance, snap_benefits, utility_deposit	1	13	120,338	Wayne	NCDHHS Local DSS Directory	wayne-county-department-of-social-services-energy	wayne-county-department-of-social-services-emergency
	126	Wilkes County Department of Social Services	Wilkesboro		+13366517400	Energy Assistance (LIEAP / CIP); Food and Nutrition Services (FNS); Work First Emergency Assistance	electric_bill, eviction_prevention, gas_bill, reconnect_fee, rent_assistance, snap_benefits, utility_deposit	1	17	66,186	Wilkes	NCDHHS Local DSS Directory	wilkes-county-department-of-social-services-energy	wilkes-county-department-of-social-services-emergency
	127	Wilson County Department of Social Services	Wilson		+12522064000	Energy Assistance (LIEAP / CIP); Food and Nutrition Services (FNS); Work First Emergency Assistance	electric_bill, eviction_prevention, gas_bill, reconnect_fee, rent_assistance, snap_benefits, utility_deposit	1	8	55,415	Wilson	NCDHHS Local DSS Directory	wilson-county-department-of-social-services-energy	wilson-county-department-of-social-services-emergency
	128	Yadkin County Department of Social Services	Yadkinville		+13368497910	Energy Assistance (LIEAP / CIP); Food and Nutrition Services (FNS); Work First Emergency Assistance	electric_bill, eviction_prevention, gas_bill, reconnect_fee, rent_assistance, snap_benefits, utility_deposit	1	6	37,995	Yadkin	NCDHHS Local DSS Directory	yadkin-county-department-of-social-services-energy	yadkin-county-department-of-social-services-emergency
	129	Yancey County Department of Social Services	Burnsville		+18286826148	Energy Assistance (LIEAP / CIP); Food and Nutrition Services (FNS); Work First Emergency Assistance	electric_bill, eviction_prevention, gas_bill, reconnect_fee, rent_assistance, snap_benefits, utility_deposit	1	3	18,993	Yancey	NCDHHS Local DSS Directory	yancey-county-department-of-social-services-energy	yancey-county-department-of-social-services-emergency
	130	You Thrive Florida			+13527961425	Low-Income Home Energy Assistance Program (LIHEAP)	electric_bill, gas_bill, reconnect_fee, utility_deposit	3	59	1,031,957	Hernando; Pasco; Sumter	FloridaCommerce LIHEAP provider list	you-thrive-florida-liheap	